title,sell_price,orig_price,rating,num_ratings
"SAMSUNG Galaxy F13 (Waterfall Blue, 64 GB)","₹11,999","₹14,999",4.4,"78,776 Ratings & 4,015 Reviews"
"SAMSUNG Galaxy F13 (Nightsky Green, 64 GB)","₹11,999","₹14,999",4.4,"78,776 Ratings & 4,015 Reviews"
"SAMSUNG Galaxy F13 (Sunrise Copper, 64 GB)","₹11,999","₹14,999",4.4,"78,776 Ratings & 4,015 Reviews"
"SAMSUNG Galaxy F23 5G (Aqua Blue, 128 GB)","₹18,499","₹23,999",4.3,"1,08,261 Ratings & 8,995 Reviews"
"realme 9i (Prism Blue, 128 GB)","₹15,129","₹16,999",4.5,"1,02,008 Ratings & 5,849 Reviews"
"SAMSUNG Galaxy F23 5G (Forest Green, 128 GB)","₹18,499","₹23,999",4.3,"1,08,261 Ratings & 8,995 Reviews"
"realme 9i (Prism Black, 128 GB)","₹15,129","₹16,999",4.5,"1,02,008 Ratings & 5,849 Reviews"
"SAMSUNG Galaxy F23 5G (Copper Blush, 128 GB)","₹18,499","₹23,999",4.3,"1,08,261 Ratings & 8,995 Reviews"
"SAMSUNG Galaxy F22 (Denim Blue, 64 GB)","₹11,999","₹14,999",4.3,"95,584 Ratings & 9,308 Reviews"
"realme C30 (Bamboo Green, 32 GB)","₹6,999","₹8,499",4.3,"49,388 Ratings & 2,369 Reviews"
"realme C30 (Lake Blue, 32 GB)","₹6,999","₹8,499",4.3,"49,388 Ratings & 2,369 Reviews"
"realme C30 (Denim Black, 32 GB)","₹6,999","₹8,499",4.3,"49,388 Ratings & 2,369 Reviews"
Nokia 105 SS,"₹1,599",,4.2,"14,163 Ratings & 1,002 Reviews"
Nokia 105 SS,"₹1,299","₹1,599",4.2,"14,163 Ratings & 1,002 Reviews"
"realme C35 (Glowing Black, 64 GB)","₹11,999","₹13,999",4.4,"1,41,485 Ratings & 8,507 Reviews"
"MOTOROLA e40 (Carbon Gray, 64 GB)","₹9,999","₹10,999",4.1,"40,760 Ratings & 4,205 Reviews"
"MOTOROLA e40 (Pink Clay, 64 GB)","₹9,999","₹10,999",4.1,"40,760 Ratings & 4,205 Reviews"
"REDMI 9i Sport (Carbon Black, 64 GB)","₹9,049","₹9,999",4.4,"1,76,539 Ratings & 10,148 Reviews"
"Infinix HOT 12 Play (Champagne Gold, 64 GB)","₹8,999","₹11,999",4.3,"92,902 Ratings & 6,870 Reviews"
"SAMSUNG Galaxy F22 (Denim Black, 64 GB)","₹11,999","₹14,999",4.3,"95,584 Ratings & 9,308 Reviews"
"realme C30 (Bamboo Green, 32 GB)","₹7,999","₹9,299",4.1,"20,797 Ratings & 1,240 Reviews"
"realme C30 (Lake Blue, 32 GB)","₹7,999","₹9,299",4.1,"20,797 Ratings & 1,240 Reviews"
"realme C30 (Denim Black, 32 GB)","₹7,999","₹9,299",4.1,"20,797 Ratings & 1,240 Reviews"
"REDMI 9i Sport (Metallic Blue, 64 GB)","₹9,049","₹9,999",4.4,"1,76,539 Ratings & 10,148 Reviews"
,,,,
,,,,
"SAMSUNG Galaxy F42 5G (Matte Aqua, 128 GB)","₹22,999","₹25,999",4.1,"4,680 Ratings & 478 Reviews"
"Infinix HOT 12 Play (Daylight Green, 64 GB)","₹8,999","₹11,999",4.3,"92,902 Ratings & 6,870 Reviews"
"Infinix HOT 12 Play (Horizon Blue, 64 GB)","₹8,999","₹11,999",4.3,"92,902 Ratings & 6,870 Reviews"
"Infinix HOT 12 Play (Racing Black, 64 GB)","₹8,999","₹11,999",4.3,"92,902 Ratings & 6,870 Reviews"
"REDMI 10 (Pacific Blue, 64 GB)","₹10,999","₹14,999",4.3,"1,31,038 Ratings & 8,553 Reviews"
"SAMSUNG Galaxy F22 (Denim Black, 128 GB)","₹13,999","₹16,999",4.3,"60,458 Ratings & 5,678 Reviews"
"SAMSUNG Galaxy F13 (Sunrise Copper, 128 GB)","₹12,999","₹16,999",4.4,"78,776 Ratings & 4,015 Reviews"
"OPPO F19 (Midnight Blue, 128 GB)","₹15,490","₹20,990",4.3,"17,278 Ratings & 1,272 Reviews"
"SAMSUNG Galaxy F13 (Nightsky Green, 128 GB)","₹12,999","₹16,999",4.4,"78,776 Ratings & 4,015 Reviews"
"MOTOROLA g52 (Charcoal Grey, 128 GB)","₹16,499","₹19,999",4.2,"13,615 Ratings & 1,775 Reviews"
"REDMI 9 Activ (Coral Green, 64 GB)","₹8,670","₹9,289",4.2,"6,272 Ratings & 447 Reviews"
"vivo T1 5G (Rainbow Fantasy, 128 GB)","₹16,990","₹20,990",4.4,"1,36,263 Ratings & 11,467 Reviews"
"vivo T1 5G (Rainbow Fantasy, 128 GB)","₹15,990","₹19,990",4.3,"49,796 Ratings & 4,132 Reviews"
"vivo T1 5G (Starlight Black, 128 GB)","₹15,990","₹19,990",4.3,"49,796 Ratings & 4,132 Reviews"
"REDMI 10 (Caribbean Green, 64 GB)","₹10,999","₹14,999",4.3,"1,31,038 Ratings & 8,553 Reviews"
"vivo T1 44W (Ice Dawn, 128 GB)","₹14,499","₹19,990",4.4,"59,553 Ratings & 4,404 Reviews"
"vivo T1 44W (Starry Sky, 128 GB)","₹15,999","₹20,990",4.4,"33,462 Ratings & 2,658 Reviews"
"vivo T1 44W (Starry Sky, 128 GB)","₹14,499","₹19,990",4.4,"59,553 Ratings & 4,404 Reviews"
"realme C35 (Glowing Black, 128 GB)","₹12,999","₹14,999",4.4,"1,41,485 Ratings & 8,507 Reviews"
"realme C35 (Glowing Green, 64 GB)","₹11,999","₹13,999",4.4,"1,41,485 Ratings & 8,507 Reviews"
"realme C33 (Sandy Gold, 32 GB)","₹8,999","₹11,999",4.5,"11,996 Ratings & 460 Reviews"
"REDMI 10 (Midnight Black, 64 GB)","₹10,999","₹14,999",4.3,"1,31,038 Ratings & 8,553 Reviews"
"MOTOROLA G32 (Satin Silver, 64 GB)","₹12,999","₹16,999",4.2,"6,961 Ratings & 671 Reviews"
"MOTOROLA G62 5G (Midnight Gray, 128 GB)","₹17,999","₹21,999",4.1,"3,616 Ratings & 376 Reviews"
,,,,
,,,,
"SAMSUNG Galaxy F13 (Waterfall Blue, 128 GB)","₹12,999","₹16,999",4.4,"78,776 Ratings & 4,015 Reviews"
"vivo T1 5G (Rainbow Fantasy, 128 GB)","₹19,990","₹23,990",4.3,"12,373 Ratings & 1,103 Reviews"
"vivo T1 5G (Silky White, 128 GB)","₹16,990","₹20,990",4.4,"1,36,263 Ratings & 11,467 Reviews"
"realme C33 (Night Sea, 32 GB)","₹8,999","₹11,999",4.5,"11,996 Ratings & 460 Reviews"
"vivo T1X (Space Blue, 64 GB)","₹11,999","₹16,990",4.5,"50,657 Ratings & 2,660 Reviews"
"vivo T1X (Gravity Black, 64 GB)","₹11,999","₹16,990",4.5,"50,657 Ratings & 2,660 Reviews"
"realme C33 (Aqua Blue, 32 GB)","₹8,999","₹11,999",4.5,"11,996 Ratings & 460 Reviews"
"MOTOROLA G51 5G (Indigo Blue, 64 GB)","₹14,999","₹17,999",4.1,"13,903 Ratings & 1,763 Reviews"
"REDMI 10 Prime (Phantom Black, 128 GB)","₹14,999","₹16,999",4.2,"6,549 Ratings & 495 Reviews"
"MOTOROLA G60 (Moonless, 128 GB)","₹15,999","₹21,999",4.2,"1,25,346 Ratings & 12,700 Reviews"
"Infinix Hot 12 (Exploratory Blue, 64 GB)","₹9,999","₹12,999",4.3,"9,027 Ratings & 624 Reviews"
"Infinix Hot 12 (7° Purple, 64 GB)","₹9,999","₹12,999",4.3,"9,027 Ratings & 624 Reviews"
"MOTOROLA G32 (Mineral Gray, 64 GB)","₹12,999","₹16,999",4.2,"6,961 Ratings & 671 Reviews"
"MOTOROLA g31 (Meteorite Grey, 64 GB)","₹11,999","₹13,999",4.2,"28,727 Ratings & 3,391 Reviews"
"MOTOROLA g52 (Metallic White, 128 GB)","₹16,499","₹19,999",4.2,"13,615 Ratings & 1,775 Reviews"
"MOTOROLA g31 (Baby Blue, 128 GB)","₹13,999","₹16,999",4.1,"10,076 Ratings & 1,114 Reviews"
"OPPO F19 (Prism Black, 128 GB)","₹15,490","₹20,990",4.3,"17,278 Ratings & 1,272 Reviews"
"REDMI 10A (Charcoal Black, 64 GB)","₹8,557",,4.2,"4,194 Ratings & 280 Reviews"
"vivo T1X (Space Blue, 128 GB)","₹12,999","₹17,990",4.5,"50,657 Ratings & 2,660 Reviews"
"REDMI 10A (Charcoal Black, 32 GB)","₹7,825","₹8,678",4.1,878 Ratings & 67 Reviews
"REDMI 10A (Slate grey, 64 GB)","₹8,799",,4.2,"4,194 Ratings & 280 Reviews"
"vivo T1X (Gravity Black, 128 GB)","₹12,999","₹17,990",4.5,"50,657 Ratings & 2,660 Reviews"
"REDMI 9 Activ (Metallic Purple, 64 GB)","₹8,787",,4.2,"6,272 Ratings & 447 Reviews"
"REDMI 9 Activ (Carbon Black, 64 GB)","₹8,366","₹9,598",4.2,"6,272 Ratings & 447 Reviews"
,,,,
,,,,
"REDMI 9 Activ (Metallic Purple, 64 GB)","₹8,787",,4.2,"6,272 Ratings & 447 Reviews"
"REDMI 9 Activ (Carbon Black, 64 GB)","₹8,366","₹9,598",4.2,"6,272 Ratings & 447 Reviews"
"Infinix Smart 6 HD (Aqua Sky, 32 GB)","₹6,999","₹8,999",4.4,"9,174 Ratings & 425 Reviews"
"Infinix Smart 6 HD (Force Black, 32 GB)","₹6,999","₹8,999",4.4,"9,174 Ratings & 425 Reviews"
"Infinix Smart 6 HD (Origin Blue, 32 GB)","₹6,999","₹8,999",4.4,"9,174 Ratings & 425 Reviews"
"Infinix Note 12 (Jewel Blue, 64 GB)","₹11,999","₹15,999",4.3,"16,601 Ratings & 1,669 Reviews"
"realme C33 (Aqua Blue, 64 GB)","₹9,999","₹12,999",4.5,"36,835 Ratings & 1,412 Reviews"
"realme C33 (Night Sea, 64 GB)","₹9,999","₹12,999",4.5,"36,835 Ratings & 1,412 Reviews"
"realme C33 (Sandy Gold, 64 GB)","₹9,999","₹12,999",4.5,"36,835 Ratings & 1,412 Reviews"
"POCO C31 (Royal Blue, 64 GB)","₹9,499","₹11,999",4.3,"1,53,437 Ratings & 9,678 Reviews"
"POCO M5 (Power Black, 64 GB)","₹12,499","₹15,999",4.4,"1,009 Ratings & 70 Reviews"
"APPLE iPhone 11 (Black, 128 GB)","₹45,990","₹48,900",4.6,"1,61,007 Ratings & 9,624 Reviews"
"MOTOROLA g31 (Meteorite Grey, 128 GB)","₹13,999","₹16,999",4.1,"10,076 Ratings & 1,114 Reviews"
"APPLE iPhone 11 (Black, 64 GB)","₹40,990","₹43,900",4.6,"1,61,007 Ratings & 9,624 Reviews"
"APPLE iPhone 11 (Purple, 128 GB)","₹45,990","₹48,900",4.6,"1,61,007 Ratings & 9,624 Reviews"
"realme C35 (Glowing Green, 128 GB)","₹12,999","₹14,999",4.4,"1,41,485 Ratings & 8,507 Reviews"
"realme C35 (Glowing Black, 128 GB)","₹13,999","₹15,999",4.2,"9,232 Ratings & 588 Reviews"
"Moto G71 5G (Neptune Green, 128 GB)","₹16,999","₹22,999",4.2,"18,922 Ratings & 2,236 Reviews"
"SAMSUNG Galaxy F23 5G (Forest Green, 128 GB)","₹17,499","₹22,999",4.2,"26,700 Ratings & 2,152 Reviews"
"realme 9 (Sunburst Gold, 128 GB)","₹17,999","₹20,999",4.4,"43,024 Ratings & 3,136 Reviews"
"MOTOROLA G62 5G (Midnight Gray, 128 GB)","₹19,999","₹24,999",4.1,975 Ratings & 105 Reviews
"SAMSUNG Galaxy F22 (Denim Blue, 128 GB)","₹13,999","₹16,999",4.3,"60,458 Ratings & 5,678 Reviews"
"Moto G71 5G (Arctic Blue, 128 GB)","₹16,999","₹22,999",4.2,"18,922 Ratings & 2,236 Reviews"
Micromax X381,₹892,"₹1,499",3.9,"2,879 Ratings & 236 Reviews"
,,,,
,,,,
"SAMSUNG Galaxy F23 5G (Aqua Blue, 128 GB)","₹17,499","₹22,999",4.2,"26,700 Ratings & 2,152 Reviews"
GFive K2,₹749,,3.8,464 Ratings & 40 Reviews
"POCO M5 (Icy Blue, 64 GB)","₹12,499","₹15,999",4.4,"1,009 Ratings & 70 Reviews"
"POCO M5 (Icy Blue, 128 GB)","₹14,499","₹18,999",4.3,498 Ratings & 32 Reviews
"vivo T1X (Space Blue, 128 GB)","₹14,999","₹18,990",4.4,"2,476 Ratings & 140 Reviews"
"MOTOROLA G40 Fusion (Frosted Champagne, 128 GB)","₹16,499","₹19,999",4.2,"54,047 Ratings & 5,871 Reviews"
Motorola a10,"₹1,399","₹1,630",4.2,"4,413 Ratings & 538 Reviews"
"POCO M5 (Power Black, 128 GB)","₹14,499","₹18,999",4.3,498 Ratings & 32 Reviews
"Itel Magic2 4G (WiFi, Hotspot Tethering)","₹2,799",,4,"16,743 Ratings & 2,494 Reviews"
Itel Ace Young Without Charger,₹799,"₹1,049",4,"2,456 Ratings & 174 Reviews"
"vivo T1 5G (Starlight Black, 128 GB)","₹16,990","₹20,990",4.4,"1,36,263 Ratings & 11,467 Reviews"
"vivo T1 5G (Starlight Black, 128 GB)","₹19,990","₹23,990",4.3,"12,373 Ratings & 1,103 Reviews"
"vivo T1 5G (Silky White, 128 GB)","₹15,990","₹19,990",4.3,"49,796 Ratings & 4,132 Reviews"
"vivo T1 5G (Rainbow Fantasy, 128 GB)","₹16,990","₹20,990",4.4,"1,36,263 Ratings & 11,467 Reviews"
"realme 9i 5G (Rocking Black, 64 GB)","₹14,999","₹17,999",4.5,"28,554 Ratings & 1,166 Reviews"
"realme 9i 5G (Soulful Blue, 64 GB)","₹14,999","₹17,999",4.5,"28,554 Ratings & 1,166 Reviews"
"REDMI 10A (Sea Blue, 64 GB)","₹8,900","₹11,990",4.1,"3,481 Ratings & 242 Reviews"
"REDMI 10A (Charcoal Black, 64 GB)","₹8,430",,4.1,"3,481 Ratings & 242 Reviews"
"MOTOROLA G62 5G (Frosted Blue, 128 GB)","₹17,999","₹21,999",4.1,"3,616 Ratings & 376 Reviews"
"Realme C30 - Locked with Airtel Prepaid (Lake Blue, 32 GB)","₹6,399","₹8,499",4.3,"49,388 Ratings & 2,369 Reviews"
"POCO M5 (Yellow, 64 GB)","₹12,499","₹15,999",4.4,"1,009 Ratings & 70 Reviews"
"REDMI 10A (Slate grey, 64 GB)","₹8,475","₹11,999",4.2,"4,194 Ratings & 280 Reviews"
"REDMI 10 Prime (Bifrost Blue, 128 GB)","₹14,999","₹16,999",4.2,"6,549 Ratings & 495 Reviews"
"realme 9 (Stargaze White, 128 GB)","₹17,999","₹20,999",4.4,"43,024 Ratings & 3,136 Reviews"
,,,,
,,,,
"realme 9 (Meteor Black, 128 GB)","₹17,999","₹20,999",4.4,"43,024 Ratings & 3,136 Reviews"
"realme 9 (Stargaze White, 128 GB)","₹17,999","₹20,999",4.4,"43,024 Ratings & 3,136 Reviews"
"realme 9 (Sunburst Gold, 128 GB)","₹18,999","₹22,999",4.4,"14,913 Ratings & 1,184 Reviews"
"REDMI Note 11 SE (Bifrost Blue, 64 GB)","₹14,999","₹16,999",4.3,"16,221 Ratings & 888 Reviews"
"REDMI 10 (Pacific Blue, 128 GB)","₹12,999","₹16,999",4.2,"17,832 Ratings & 1,366 Reviews"
"REDMI 10 (Midnight Black, 128 GB)","₹12,999","₹16,999",4.2,"17,832 Ratings & 1,366 Reviews"
"Redmi 9A Sport (Coral Green, 32 GB)","₹6,636","₹6,999",4.2,"21,498 Ratings & 1,666 Reviews"
"Redmi 9A Sport (Coral Green, 32 GB)","₹7,858","₹8,080",4.2,"5,300 Ratings & 407 Reviews"
"Redmi 9A Sport (Metallic Blue, 32 GB)","₹7,929","₹8,999",4.2,"5,300 Ratings & 407 Reviews"
"REDMI Note 11 SE (Space Black, 64 GB)","₹14,999","₹16,999",4.3,"16,221 Ratings & 888 Reviews"
"realme 9i 5G (Metallica Gold, 64 GB)","₹14,999","₹17,999",4.5,"28,554 Ratings & 1,166 Reviews"
"POCO C31 (Royal Blue, 32 GB)","₹8,499","₹10,999",4.3,"1,08,527 Ratings & 6,780 Reviews"
"vivo T1 44W (Midnight Galaxy, 128 GB)","₹15,999","₹20,990",4.4,"33,462 Ratings & 2,658 Reviews"
"vivo T1 44W (Ice Dawn, 128 GB)","₹15,999","₹20,990",4.4,"33,462 Ratings & 2,658 Reviews"
"vivo T1 44W (Midnight Galaxy, 128 GB)","₹14,499","₹19,990",4.4,"59,553 Ratings & 4,404 Reviews"
"realme C35 (Glowing Green, 128 GB)","₹13,999","₹15,999",4.2,"9,232 Ratings & 588 Reviews"
"OPPO K10 (Black Carbon, 128 GB)","₹14,990","₹18,999",4.4,"72,992 Ratings & 5,452 Reviews"
"OPPO K10 (Blue Flame, 128 GB)","₹14,990","₹18,999",4.4,"72,992 Ratings & 5,452 Reviews"
"Infinix Note 12 5G (Force Black, 64 GB)","₹15,999","₹19,999",4.2,"6,759 Ratings & 792 Reviews"
SAMSUNG GT-E1215,"₹1,599",,4.3,"53,073 Ratings & 4,496 Reviews"
"REDMI A1+ (Light Blue, 32 GB)","₹7,499","₹9,999",4.2,142 Ratings & 8 Reviews
"Infinix Hot 12 Pro (Lightsaber Green, 64 GB)","₹10,999","₹13,999",4.3,"3,555 Ratings & 195 Reviews"
"Infinix Note 12 (Force Black, 64 GB)","₹11,999","₹15,999",4.3,"16,601 Ratings & 1,669 Reviews"
"APPLE iPhone 11 (Green, 128 GB)","₹45,990","₹48,900",4.6,"1,61,007 Ratings & 9,624 Reviews"
,,,,
,,,,
"Infinix Hot 12 Pro (Lightsaber Green, 64 GB)","₹10,999","₹13,999",4.3,"3,555 Ratings & 195 Reviews"
LAVA A3,"₹1,212","₹1,319",4.2,"26,230 Ratings & 2,730 Reviews"
"APPLE iPhone 11 (Green, 128 GB)","₹45,990","₹48,900",4.6,"1,61,007 Ratings & 9,624 Reviews"
Nokia 105SS PLUS,"₹1,400","₹1,532",3.9,610 Ratings & 38 Reviews
"REDMI Note 11 SE (Thunder Purple, 64 GB)","₹14,999","₹16,999",4.3,"16,221 Ratings & 888 Reviews"
"Redmi Note 11 (Starburst White, 64 GB)","₹12,499","₹14,999",4.2,"7,682 Ratings & 715 Reviews"
"Infinix Hot 12 (Turquoise Cyan, 64 GB)","₹9,999","₹12,999",4.3,"9,027 Ratings & 624 Reviews"
SAMSUNG Guru Music 2,"₹2,099",,4.3,"1,93,241 Ratings & 18,115 Reviews"
"REDMI K50i 5G (Stealth Black, 128 GB)","₹22,489",,4.1,427 Ratings & 63 Reviews
"APPLE iPhone 11 (White, 128 GB)","₹45,990","₹48,900",4.6,"1,61,007 Ratings & 9,624 Reviews"
"vivo T1X (Gravity Black, 128 GB)","₹14,999","₹18,990",4.4,"2,476 Ratings & 140 Reviews"
"MOTOROLA g72 (Polar Blue, 128 GB)","₹18,999","₹21,999",4.1,"1,133 Ratings & 190 Reviews"
"REDMI Note 10 Pro Max (Dark Night, 128 GB)","₹19,999","₹22,999",4.3,"14,889 Ratings & 1,098 Reviews"
"SAMSUNG Galaxy M33 5G (Mystique Green, 128 GB)","₹18,799",,4.3,456 Ratings & 32 Reviews
"REDMI 10A (Sea Blue, 32 GB)","₹7,563","₹8,888",4.2,380 Ratings & 34 Reviews
"REDMI A1+ (Light Green, 32 GB)","₹7,499","₹9,999",4.2,142 Ratings & 8 Reviews
"APPLE iPhone 13 (Green, 128 GB)","₹65,999","₹69,900",4.7,"1,48,995 Ratings & 8,068 Reviews"
"REDMI 9 Activ (Carbon Black, 128 GB)","₹11,499","₹12,999",4.2,"3,718 Ratings & 248 Reviews"
"APPLE iPhone 13 (Midnight, 128 GB)","₹65,999","₹69,900",4.7,"1,48,995 Ratings & 8,068 Reviews"
"REDMI 10 Prime 2022 (Phantom Black, 64 GB)","₹11,520",,4.2,"2,412 Ratings & 170 Reviews"
"REDMI 10 Prime 2022 (Astral White, 64 GB)","₹11,999","₹14,999",4.2,"2,412 Ratings & 170 Reviews"
"REDMI Note 11 SE (Cosmic White, 64 GB)","₹14,999","₹16,999",4.3,"16,221 Ratings & 888 Reviews"
Motorola a70,"₹1,999","₹2,320",3.9,606 Ratings & 70 Reviews
"Realme C30 - Locked with Airtel Prepaid (Denim Black, 32 GB)","₹6,399","₹8,499",4.3,"49,388 Ratings & 2,369 Reviews"
,,,,
,,,,
"realme 9 5G (Meteor Black, 64 GB)","₹16,179","₹18,999",4.5,"34,109 Ratings & 1,936 Reviews"
"REDMI 10 Prime (Astral White, 128 GB)","₹14,999","₹16,999",4.2,"6,549 Ratings & 495 Reviews"
Micromax X818,"₹1,568",,3.9,"1,443 Ratings & 128 Reviews"
"realme 9 5G (Supersonic Blue, 64 GB)","₹15,999","₹18,999",4.5,"34,109 Ratings & 1,936 Reviews"
"Realme C30 - Locked with Airtel Prepaid (Bamboo Green, 32 GB)","₹6,399","₹8,499",4.3,"49,388 Ratings & 2,369 Reviews"
"Realme C30 - Locked with Airtel Prepaid (Denim Black, 32 GB)","₹6,399","₹8,499",4.3,"49,388 Ratings & 2,369 Reviews"
"POCO C31 (Shadow Gray, 32 GB)","₹8,499","₹10,999",4.3,"1,08,527 Ratings & 6,780 Reviews"
"APPLE iPhone 11 (Purple, 64 GB)","₹40,990","₹43,900",4.6,"1,61,007 Ratings & 9,624 Reviews"
Motorola a70,"₹1,999","₹2,320",3.9,606 Ratings & 70 Reviews
Micromax X413,₹985,,4,"2,560 Ratings & 221 Reviews"
"Redmi 9A Sport (Metallic Blue, 32 GB)","₹6,573","₹6,899",4.2,"21,498 Ratings & 1,666 Reviews"
"REDMI 10A (Slate Grey, 32 GB)","₹7,503","₹8,793",4.1,878 Ratings & 67 Reviews
"REDMI 10A (Sea Blue, 64 GB)","₹8,502","₹9,473",4.2,"4,194 Ratings & 280 Reviews"
"MOTOROLA G62 5G (Frosted Blue, 128 GB)","₹19,999","₹24,999",4.1,975 Ratings & 105 Reviews
"Tecno Spark 9 (Infinity Black, 64 GB)","₹8,521",,4.1,43 Ratings & 1 Reviews
"REDMI Note 11T 5G (Matte black, 128 GB)","₹16,915",,4.2,"4,632 Ratings & 383 Reviews"
"Infinix Smart 6 (Light Sea Green, 64 GB)","₹7,499","₹8,999",4.3,"21,964 Ratings & 1,501 Reviews"
"realme 9 Pro 5G (Sunrise Blue, 128 GB)","₹22,169","₹23,999",4.3,"12,103 Ratings & 978 Reviews"
"realme 9 Pro 5G (Midnight Black, 128 GB)","₹19,199","₹21,999",4.4,"71,175 Ratings & 6,051 Reviews"
"realme 9 Pro 5G (Sunrise Blue, 128 GB)","₹19,199","₹21,999",4.4,"71,175 Ratings & 6,051 Reviews"
"realme 9 Pro 5G (Aurora Green, 128 GB)","₹19,199","₹21,999",4.4,"71,175 Ratings & 6,051 Reviews"
"Infinix Smart 6 Plus (Tranquil Sea Blue, 64 GB)","₹8,299","₹9,999",4.3,"7,009 Ratings & 521 Reviews"
LAVA A3,"₹1,379",,4.2,"18,686 Ratings & 2,086 Reviews"
"REDMI Note 10 Pro Max (Vintage Bronze, 128 GB)","₹19,999","₹22,999",4.3,"14,889 Ratings & 1,098 Reviews"
,,,,
,,,,
"SAMSUNG Galaxy S21 FE 5G (Lavender, 128 GB)","₹54,999","₹74,999",4.3,"22,283 Ratings & 2,285 Reviews"
"realme 9 (Meteor Black, 128 GB)","₹18,999","₹22,999",4.4,"14,913 Ratings & 1,184 Reviews"
"realme 9 (Stargaze White, 128 GB)","₹18,999","₹22,999",4.4,"14,913 Ratings & 1,184 Reviews"
"REDMI Note 11T 5G (Matte black, 128 GB)","₹16,915",,4.2,"4,632 Ratings & 383 Reviews"
"REDMI 9 Activ (Metallic Purple, 128 GB)","₹11,499","₹12,999",4.2,"3,718 Ratings & 248 Reviews"
DIZO Star 500,"₹1,799","₹1,999",4,"11,055 Ratings & 1,333 Reviews"
Motorola a10,"₹1,510",,4.2,"4,413 Ratings & 538 Reviews"
"REDMI Note 10S (Frost White, 64 GB)","₹14,999","₹16,999",4.4,"79,230 Ratings & 5,381 Reviews"
Nokia 150 TA-1235 DS,"₹2,799",,4.1,"11,348 Ratings & 848 Reviews"
SAMSUNG GURU GT,"₹1,599",,4.1,562 Ratings & 45 Reviews
"Infinix Note 12 (Force Black, 128 GB)","₹12,999","₹17,999",4.2,"8,969 Ratings & 874 Reviews"
"Infinix Note 12 (Jewel Blue, 128 GB)","₹12,999","₹17,999",4.2,"8,969 Ratings & 874 Reviews"
"REDMI Note 10S (Deep Sea Blue, 64 GB)","₹14,999","₹16,999",4.4,"79,230 Ratings & 5,381 Reviews"
"REDMI 11 Prime 5G (Meadow Green, 64 GB)","₹13,198",,4.3,286 Ratings & 18 Reviews
"realme 9 5G SE (Azure Glow, 128 GB)","₹23,349","₹26,999",4.3,"1,836 Ratings & 165 Reviews"
"realme 9 5G (Supersonic Blue, 128 GB)","₹17,499","₹20,999",4.4,"36,300 Ratings & 2,323 Reviews"
"realme 9 5G SE (Azure Glow, 128 GB)","₹20,249","₹24,999",4.4,"20,630 Ratings & 1,713 Reviews"
"APPLE iPhone 13 (Starlight, 128 GB)","₹65,999","₹69,900",4.7,"1,48,995 Ratings & 8,068 Reviews"
"SAMSUNG Galaxy S21 FE 5G (Graphite, 128 GB)","₹54,999","₹74,999",4.3,"22,283 Ratings & 2,285 Reviews"
LAVA A1 Josh 2021,"₹1,055","₹1,249",4.1,"6,708 Ratings & 584 Reviews"
"SAMSUNG GALAXY M13 (Stardust Brown, 64 GB)","₹10,366",,4.2,655 Ratings & 41 Reviews
KARBONN KX3,₹999,,3.9,"7,879 Ratings & 614 Reviews"
"REDMI A1+ (Black, 32 GB)","₹7,499","₹9,999",4.2,142 Ratings & 8 Reviews
"APPLE iPhone 13 (Blue, 128 GB)","₹65,999","₹69,900",4.7,"1,48,995 Ratings & 8,068 Reviews"
,,,,
,,,,
"POCO M4 5G (Cool Blue, 64 GB)","₹13,199","₹15,999",4.2,"36,808 Ratings & 2,990 Reviews"
"realme C31 (Light Silver, 32 GB)","₹9,349","₹10,999",4.5,"42,960 Ratings & 1,662 Reviews"
"realme C31 (Dark Green, 32 GB)","₹9,349","₹10,999",4.5,"42,960 Ratings & 1,662 Reviews"
"SAMSUNG Galaxy S21 FE 5G (White, 128 GB)","₹54,999","₹74,999",4.3,"22,283 Ratings & 2,285 Reviews"
"APPLE iPhone 11 (Red, 64 GB)","₹40,990","₹43,900",4.6,"1,61,007 Ratings & 9,624 Reviews"
"POCO M5 (Yellow, 128 GB)","₹14,499","₹18,999",4.3,498 Ratings & 32 Reviews
"SAMSUNG Galaxy S21 FE 5G (Olive, 128 GB)","₹54,999","₹74,999",4.3,"22,283 Ratings & 2,285 Reviews"
"Infinix Smart 6 (Starry Purple, 64 GB)","₹7,499","₹8,999",4.3,"21,964 Ratings & 1,501 Reviews"
"Infinix Smart 6 (Heart Of Ocean, 64 GB)","₹7,499","₹8,999",4.3,"21,964 Ratings & 1,501 Reviews"
"Infinix Hot 12 Pro (Halo White, 64 GB)","₹10,999","₹13,999",4.3,"3,555 Ratings & 195 Reviews"
"Infinix Hot 12 Pro (Electric Blue, 64 GB)","₹10,999","₹13,999",4.3,"3,555 Ratings & 195 Reviews"
"realme C30s (Stripe Blue, 32 GB)","₹7,499","₹9,999",4.3,608 Ratings & 28 Reviews
"MOTOROLA g72 (Meteorite Grey, 128 GB)","₹18,999","₹21,999",4.1,"1,133 Ratings & 190 Reviews"
"APPLE iPhone 11 (Red, 128 GB)","₹45,990","₹48,900",4.6,"1,61,007 Ratings & 9,624 Reviews"
"MOTOROLA G60 (Soft Silver, 128 GB)","₹15,999","₹21,999",4.2,"1,25,346 Ratings & 12,700 Reviews"
Nokia 105 TA-1416 DS,"₹1,519",,4.1,"3,190 Ratings & 225 Reviews"
SAMSUNG Guru Music 2,"₹2,099",,4.2,"1,681 Ratings & 118 Reviews"
"SAMSUNG GALAXY M13 5G (Midnight Blue, 128 GB)","₹14,790",,4.2,83 Ratings & 6 Reviews
Micromax X412,₹924,,3.9,"13,148 Ratings & 1,153 Reviews"
Micromax J2,₹978,,3.6,36 Ratings & 2 Reviews
"SAMSUNG Galaxy F12 (Sea Green, 128 GB)","₹11,499","₹13,999",4.3,"2,94,831 Ratings & 23,428 Reviews"
"MOTOROLA G40 Fusion (Dynamic Gray, 128 GB)","₹16,499","₹19,999",4.2,"54,047 Ratings & 5,871 Reviews"
"REDMI 10 Prime (Bifrost Blue, 64 GB)","₹11,570","₹12,288",4.2,"10,832 Ratings & 815 Reviews"
"REDMI 10A (Sea Blue, 64 GB)","₹8,589",,4.2,"4,194 Ratings & 280 Reviews"
,,,,
"MOTOROLA g82 5G (Meterorite Grey, 128 GB)","₹21,499","₹23,999",4.1,"3,564 Ratings & 498 Reviews"
"MOTOROLA G40 Fusion (Dynamic Gray, 128 GB)","₹16,499","₹19,999",4.2,"54,047 Ratings & 5,871 Reviews"
"SAMSUNG Galaxy F12 (Sea Green, 128 GB)","₹11,499","₹13,999",4.3,"2,94,831 Ratings & 23,428 Reviews"
"MOTOROLA g52 (Charcoal Grey, 64 GB)","₹14,499","₹17,999",4.1,"6,862 Ratings & 898 Reviews"
"MOTOROLA g52 (Metallic White, 64 GB)","₹14,499","₹17,999",4.1,"6,862 Ratings & 898 Reviews"
"vivo Y16 (Drizzling Gold, 64 GB)","₹12,470",,4.4,187 Ratings & 16 Reviews
"vivo Y16 (Drizzling Gold, 64 GB)","₹10,999","₹13,999",4.3,117 Ratings & 8 Reviews
"MOTOROLA g82 5G(White Lily, 128 GB)","₹21,499","₹23,999",4.1,"3,564 Ratings & 498 Reviews"
"SAMSUNG Galaxy M32 (Black, 128 GB)","₹14,690",,4.2,"3,725 Ratings & 339 Reviews"
"POCO M4 5G (Cool Blue, 128 GB)","₹15,199","₹18,999",4.1,"17,914 Ratings & 1,457 Reviews"
Itel Ace Young Without Charger,₹799,"₹1,049",4,"2,456 Ratings & 174 Reviews"
SAMSUNG GURU 1200,"₹1,599",,4,921 Ratings & 69 Reviews
"realme 9 5G SE (Starry Glow, 128 GB)","₹23,349","₹26,999",4.3,"1,836 Ratings & 165 Reviews"
"realme 9 5G SE (Starry Glow, 128 GB)","₹20,249","₹24,999",4.4,"20,630 Ratings & 1,713 Reviews"
"realme C31 (Dark Green, 64 GB)","₹10,099","₹11,999",4.4,"47,649 Ratings & 2,267 Reviews"
"vivo T1 44W (Starry Sky, 128 GB)","₹17,999","₹23,990",4.3,"4,082 Ratings & 353 Reviews"
"vivo T1 44W (Midnight Galaxy, 128 GB)","₹17,999","₹23,990",4.3,"4,082 Ratings & 353 Reviews"
"realme 9i 5G (Rocking Black, 128 GB)","₹16,999","₹19,999",4.3,"2,854 Ratings & 187 Reviews"
"realme 9 5G (Supersonic Black, 128 GB)","₹17,499","₹20,999",4.4,"36,300 Ratings & 2,323 Reviews"
SAMSUNG Guru Music 2,"₹1,850","₹1,950",4.3,"1,93,241 Ratings & 18,115 Reviews"
"POCO M4 5G (Power Black, 64 GB)","₹13,199","₹15,999",4.2,"36,808 Ratings & 2,990 Reviews"
Nokia 150 DS 2020,"₹2,598",,4.1,"19,083 Ratings & 1,507 Reviews"
Itel it2175,"₹1,096","₹1,109",4,220 Ratings & 27 Reviews
"Realme C30 - Locked with Airtel Prepaid (Lake Blue, 32 GB)","₹7,399","₹9,299",4.1,"20,797 Ratings & 1,240 Reviews"
,,,,
,,,,
"SAMSUNG Galaxy F23 5G (Copper Blush, 128 GB)","₹17,499","₹22,999",4.2,"26,700 Ratings & 2,152 Reviews"
"POCO M4 Pro 5G (Power Black, 128 GB)","₹17,199","₹19,999",4.2,"31,231 Ratings & 2,890 Reviews"
"Redmi Note 11 PRO Plus 5G (Stealth Black, 128 GB)","₹21,590",,4.2,"1,808 Ratings & 155 Reviews"
"MOTOROLA Edge 30 Ultra (Starlight White, 256 GB)","₹64,999","₹74,999",4.3,21 Ratings & 7 Reviews
"Redmi Note 11 PRO Plus 5G (Mirage Blue, 128 GB)","₹22,230","₹22,960",4.2,"1,808 Ratings & 155 Reviews"
Nokia 105 TA-1416 DS,"₹1,484",,4.1,"3,190 Ratings & 225 Reviews"
"realme GT Neo 3T (Drifting White, 256 GB)","₹33,999","₹38,999",4.3,"4,346 Ratings & 507 Reviews"
"realme GT Neo 3T (Shade Black, 256 GB)","₹33,999","₹38,999",4.3,"4,346 Ratings & 507 Reviews"
"realme GT Neo 3T (Shade Black, 128 GB)","₹31,999","₹36,999",4.3,"4,346 Ratings & 507 Reviews"
"REDMI 9 Activ (Coral Green, 128 GB)","₹11,499","₹12,999",4.2,"3,718 Ratings & 248 Reviews"
"OPPO F19 Pro+ 5G (Fluid Black, 128 GB)","₹19,959","₹29,990",4.3,"16,382 Ratings & 1,693 Reviews"
"Infinix Smart 6 (Polar Black, 64 GB)","₹7,499","₹8,999",4.3,"21,964 Ratings & 1,501 Reviews"
Nokia 105 PLUS,"₹1,699",,4.1,"3,652 Ratings & 262 Reviews"
"MOTOROLA g22 (Mint Green, 64 GB)","₹10,999","₹13,999",3.7,"22,040 Ratings & 2,716 Reviews"
Itel Muzik 400,"₹1,699","₹1,709",4.1,"2,961 Ratings & 330 Reviews"
"vivo Y16 (Steller Black, 64 GB)","₹10,999","₹13,999",4.3,117 Ratings & 8 Reviews
"Micromax IN 2C (Brown, 32 GB)","₹8,499","₹9,499",4.1,420 Ratings & 57 Reviews
"OPPO K10 5G (Ocean Blue, 128 GB)","₹17,499","₹25,999",4.4,"42,138 Ratings & 3,188 Reviews"
"OPPO K10 5G (Midnight Black, 128 GB)","₹17,499","₹25,999",4.4,"42,138 Ratings & 3,188 Reviews"
"OPPO K10 5G (Ocean Blue, 128 GB)","₹16,499","₹20,999",4.4,"9,543 Ratings & 674 Reviews"
"SAMSUNG GALAXY M13 (Aqua Green, 64 GB)","₹10,579",,4.2,655 Ratings & 41 Reviews
GFive V8,₹749,,3.8,269 Ratings & 17 Reviews
"Redmi 9A Sport (Carbon Black, 32 GB)","₹6,574","₹6,898",4.2,"21,498 Ratings & 1,666 Reviews"
"POCO M4 Pro 5G (Cool Blue, 128 GB)","₹17,199","₹19,999",4.2,"31,231 Ratings & 2,890 Reviews"
,,,,
,,,,
"REDMI 11 Prime 5G (Thunder Black, 128 GB)","₹15,899",,4.2,54 Ratings & 7 Reviews
"realme 8s 5G (Universe Purple, 128 GB)","₹18,049","₹20,999",4.4,"75,099 Ratings & 6,116 Reviews"
"realme 9 Pro 5G (Aurora Green, 128 GB)","₹22,169","₹23,999",4.3,"12,103 Ratings & 978 Reviews"
"vivo T1 Pro 5G (Turbo Cyan, 128 GB)","₹24,999","₹30,990",4.3,"11,945 Ratings & 1,263 Reviews"
"REDMI A1+ (Light Blue, 32 GB)","₹8,499","₹10,999",4.1,56 Ratings & 6 Reviews
"Infinix Smart 6 Plus (Crystal Violet, 64 GB)","₹8,299","₹9,999",4.3,"7,009 Ratings & 521 Reviews"
"Infinix Smart 6 Plus (Miracle Black, 64 GB)","₹8,299","₹9,999",4.3,"7,009 Ratings & 521 Reviews"
"realme C11 2021 (Cool Grey, 32 GB)","₹7,499","₹7,999",4.4,"2,30,765 Ratings & 10,102 Reviews"
"realme C11 2021 (Cool Blue, 32 GB)","₹7,499","₹7,999",4.4,"2,30,765 Ratings & 10,102 Reviews"
"realme C31 (Light Silver, 64 GB)","₹10,099","₹11,999",4.4,"47,649 Ratings & 2,267 Reviews"
Micromax X512,"₹1,299",,3.9,"9,479 Ratings & 865 Reviews"
"POCO M4 5G (Yellow, 64 GB)","₹13,199","₹15,999",4.2,"36,808 Ratings & 2,990 Reviews"
"Itel Magic2 4G( WiFi,Hotspot Tethering)","₹2,388",,4,"16,743 Ratings & 2,494 Reviews"
Good One 2192,₹999,,3.9,358 Ratings & 60 Reviews
Itel It2171,"₹1,099","₹1,149",4.1,"3,294 Ratings & 307 Reviews"
"Infinix Hot 12 Pro (Racing Black, 64 GB)","₹10,999","₹13,999",4.3,"3,555 Ratings & 195 Reviews"
"POCO M4 5G (Power Black, 128 GB)","₹15,199","₹18,999",4.1,"17,914 Ratings & 1,457 Reviews"
"REDMI Note 11S (Polar White, 128 GB)","₹15,754","₹20,990",4.2,"1,553 Ratings & 137 Reviews"
"REDMI Note 11S (Horizon Blue, 128 GB)","₹16,549",,4.1,586 Ratings & 57 Reviews
"REDMI Note 11S (Horizon Blue, 128 GB)","₹16,490",,4.1,586 Ratings & 57 Reviews
"REDMI Note 11S (Horizon Blue, 64 GB)","₹13,990","₹19,990",4.2,"1,553 Ratings & 137 Reviews"
"realme C21Y (Cross Blue, 64 GB)","₹10,699","₹10,999",4.5,"2,51,938 Ratings & 9,526 Reviews"
"REDMI 10 (Caribbean Green, 128 GB)","₹12,999","₹16,999",4.2,"17,832 Ratings & 1,366 Reviews"
Kechaoda K115,"₹1,249",,4.1,"27,739 Ratings & 2,167 Reviews"
,,,,
,,,,
"REDMI Note 11S (Horizon Blue, 128 GB)","₹16,490",,4.1,586 Ratings & 57 Reviews
"APPLE iPhone 11 (White, 64 GB)","₹40,990","₹43,990",4.6,"1,61,007 Ratings & 9,624 Reviews"
"Micromax IN 2C (Silver, 32 GB)","₹8,499","₹9,499",4.1,420 Ratings & 57 Reviews
"Tecno Pova 3 (Eco Black, 64 GB)","₹11,885",,4.3,69 Ratings & 6 Reviews
"Tecno Pova 3 (Tech Silver, 64 GB)","₹11,816",,4.3,69 Ratings & 6 Reviews
"POCO M4 Pro 5G (Yellow, 128 GB)","₹17,199","₹19,999",4.2,"31,231 Ratings & 2,890 Reviews"
"Infinix Zero 5G (Horizon Blue, 128 GB)","₹19,999","₹24,999",4.2,"7,953 Ratings & 1,246 Reviews"
Kechaoda K115,"₹1,249",,4.1,"27,739 Ratings & 2,167 Reviews"
Itel IT2163,"₹1,089","₹1,099",4.1,"12,272 Ratings & 1,030 Reviews"
Nokia 105 PLUS,"₹1,699",,4.1,"3,652 Ratings & 262 Reviews"
LAVA A1 2021,"₹1,129",,4.1,"3,453 Ratings & 322 Reviews"
"vivo Y16 (Steller Black, 32 GB)","₹9,999","₹12,999",4.3,117 Ratings & 8 Reviews
"realme GT Neo 3T (Dash Yellow, 256 GB)","₹33,999","₹38,999",4.3,"4,346 Ratings & 507 Reviews"
"realme GT Neo 3T (Shade Black, 128 GB)","₹29,999","₹34,999",4.3,"8,175 Ratings & 1,022 Reviews"
"realme GT Neo 3T (Drifting White, 128 GB)","₹29,999","₹34,999",4.3,"8,175 Ratings & 1,022 Reviews"
"realme GT Neo 3T (Drifting White, 128 GB)","₹31,999","₹36,999",4.3,"4,346 Ratings & 507 Reviews"
"realme GT Neo 3T (Dash Yellow, 128 GB)","₹31,999","₹36,999",4.3,"4,346 Ratings & 507 Reviews"
"realme 8s 5G (Universe Purple, 128 GB)","₹20,199","₹22,999",4.4,"52,538 Ratings & 4,716 Reviews"
Good One Magic,"₹1,499",,4,"3,740 Ratings & 302 Reviews"
Good One 2192,₹999,,3.9,358 Ratings & 60 Reviews
"Redmi Note 11 (Space Black, 64 GB)","₹12,187","₹13,498",4.2,"7,682 Ratings & 715 Reviews"
"Redmi Note 11 (Horizon Blue, 64 GB)","₹12,618","₹13,990",4.2,"7,226 Ratings & 607 Reviews"
"REDMI Note 11T 5G (Matte black, 128 GB)","₹17,999",,4.3,68 Ratings & 3 Reviews
Itel it2163S,₹989,,4,345 Ratings & 33 Reviews
,,,,
,,,,
Itel it2163S,₹989,₹999,4,345 Ratings & 33 Reviews
Micromax X412,₹974,,3.9,"13,148 Ratings & 1,153 Reviews"
"OPPO A16E (Blue, 32 GB)","₹8,999","₹13,990",4.3,381 Ratings & 13 Reviews
"OPPO A16E (Midnight Black, 32 GB)","₹8,999","₹13,990",4.3,381 Ratings & 13 Reviews
Good One G5605N,₹899,,3.8,566 Ratings & 98 Reviews
"Infinix Zero 5G (Cosmic Black, 128 GB)","₹19,999","₹24,999",4.2,"7,953 Ratings & 1,246 Reviews"
"Infinix Zero 5G (Skylight Orange, 128 GB)","₹19,999","₹24,999",4.2,"7,953 Ratings & 1,246 Reviews"
Itel Ace 2N,₹888,,4.1,196 Ratings & 11 Reviews
"Tecno Pova Neo (Geek Blue, 128 GB)","₹10,440","₹15,400",4.1,441 Ratings & 32 Reviews
LAVA A1500,"₹1,399","₹1,829",4.1,"1,925 Ratings & 200 Reviews"
KARBONN KX3,₹999,,3.9,"7,879 Ratings & 614 Reviews"
"realme 9i 5G (Metallica Gold, 128 GB)","₹16,999","₹19,999",4.3,"2,854 Ratings & 187 Reviews"
"SAMSUNG Galaxy M33 5G (Deep Ocean Blue, 128 GB)","₹16,769","₹16,945",4.2,"5,419 Ratings & 489 Reviews"
"POCO M4 Pro (Yellow, 128 GB)","₹16,699","₹19,999",4.3,"1,06,730 Ratings & 9,763 Reviews"
"Redmi Note 11 PRO Plus 5G (Phantom White, 128 GB)","₹21,473",,4.2,"1,808 Ratings & 155 Reviews"
"Google Pixel 7 (Lemongrass, 128 GB)","₹59,999",,4.6,438 Ratings & 96 Reviews
"POCO X4 Pro 5G (Laser Black, 128 GB)","₹20,199","₹23,999",4.2,"48,374 Ratings & 4,894 Reviews"
"Google Pixel 7 (Obsidian, 128 GB)","₹59,999",,4.6,438 Ratings & 96 Reviews
"MOTOROLA Edge 30 (Meteor Grey, 128 GB)","₹29,999","₹34,999",4.1,"2,656 Ratings & 417 Reviews"
LAVA A3 Power,"₹1,299","₹1,499",4.1,"1,454 Ratings & 139 Reviews"
LAVA A3 Power,"₹1,275","₹1,599",4.1,"2,647 Ratings & 276 Reviews"
"REDMI 10A (Sea Blue, 64 GB)","₹8,939","₹9,999",4.1,"3,481 Ratings & 242 Reviews"
Micromax X708,"₹1,325",,3.9,"1,155 Ratings & 79 Reviews"
"POCO M4 Pro (Cool Blue, 128 GB)","₹16,699","₹19,999",4.3,"1,06,730 Ratings & 9,763 Reviews"
,,,,
,,,,
"realme Narzo 50 (Speed Black, 128 GB)","₹15,499","₹17,999",4.4,"5,311 Ratings & 373 Reviews"
"OPPO A16E (Blue, 64 GB)","₹9,999","₹15,990",4.2,"1,115 Ratings & 49 Reviews"
"OPPO A17 (Midnight Black, 64 GB)","₹12,499","₹14,999",4.5,671 Ratings & 23 Reviews
"Tecno Spark 8 (Turquoise Cyan, 64 GB)","₹8,998","₹9,999",4.1,652 Ratings & 49 Reviews
Good One 5026,₹999,,4.1,519 Ratings & 118 Reviews
"Google Pixel 7 Pro (Snow, 128 GB)","₹84,999",,4.5,346 Ratings & 63 Reviews
"POCO M4 5G (Yellow, 128 GB)","₹15,199","₹18,999",4.1,"17,914 Ratings & 1,457 Reviews"
"Itel A27 (Deep Grey, 32 GB)","₹5,175","₹5,649",4,534 Ratings & 42 Reviews
"realme C30s (Stripe Black, 32 GB)","₹7,499","₹9,999",4.3,608 Ratings & 28 Reviews
Itel IT2163,"₹1,049",,4.1,"12,272 Ratings & 1,030 Reviews"
Itel IT2163,"₹1,089","₹1,099",4.1,"12,272 Ratings & 1,030 Reviews"
"POCO M4 Pro (Yellow, 64 GB)","₹15,159","₹17,999",4.3,"1,06,730 Ratings & 9,763 Reviews"
"MOTOROLA Edge 30 (Aurora Green, 128 GB)","₹29,999","₹34,999",4.1,"2,656 Ratings & 417 Reviews"
"realme 8s 5G (Universe Blue, 128 GB)","₹18,049","₹20,999",4.4,"75,099 Ratings & 6,116 Reviews"
"vivo Y53s (Deep Sea Blue, 128 GB)","₹15,490","₹22,990",4.3,"17,203 Ratings & 1,478 Reviews"
"vivo Y53s (Fantastic Rainbow, 128 GB)","₹15,490","₹22,990",4.3,"17,203 Ratings & 1,478 Reviews"
"Itel Vision2S (Gradation Purple, 32 GB)","₹6,199","₹7,099",4,856 Ratings & 84 Reviews
"POCO M4 Pro (Power Black, 64 GB)","₹15,159","₹17,999",4.3,"1,06,730 Ratings & 9,763 Reviews"
Cellecor E6+,"₹1,329",,,
Cellecor E6+,"₹1,329",,,
Cellecor E6+,"₹1,329",,,
"POCO M4 Pro 5G (Power Black, 128 GB)","₹19,199","₹21,999",4.2,"5,077 Ratings & 451 Reviews"
"Infinix Hot 11 (Silver Wave, 64 GB)","₹9,999","₹11,999",4.3,"15,707 Ratings & 1,347 Reviews"
"REDMI Note 9 (Shadow Black, 64 GB)","₹11,999","₹14,999",4.3,"1,22,836 Ratings & 9,411 Reviews"
,,,,
"SAMSUNG GALAXY M13 (Midnight Blue, 64 GB)","₹10,470",,4.2,655 Ratings & 41 Reviews
"Infinix Hot 11 2022 (Sunset Gold, 64 GB)","₹9,999","₹12,999",4.2,"11,495 Ratings & 972 Reviews"
"Itel A49 (Dome Blue, 32 GB)","₹5,697","₹6,384",4.1,222 Ratings & 14 Reviews
"POCO M4 Pro 5G (Yellow, 64 GB)","₹15,199","₹16,999",4.3,"25,836 Ratings & 2,298 Reviews"
Good One G5605N,₹899,,3.8,566 Ratings & 98 Reviews
"SAMSUNG Galaxy F12 (Sky Blue, 64 GB)","₹10,499","₹12,999",4.3,"2,94,831 Ratings & 23,428 Reviews"
"IQOO Z6 44W (Lumina Blue, 128 GB)","₹16,334",,4.3,343 Ratings & 20 Reviews
Nokia 110 TA-1302 DS,"₹1,899",,4,"24,261 Ratings & 1,920 Reviews"
"vivo T1 Pro 5G (Turbo Cyan, 128 GB)","₹23,999","₹28,990",4.3,"6,141 Ratings & 586 Reviews"
"realme 9i 5G (Soulful Blue, 128 GB)","₹16,999","₹19,999",4.3,"2,854 Ratings & 187 Reviews"
"Infinix Hot 12 Pro (Lightsaber Green, 128 GB)","₹12,999","₹15,999",4,"2,748 Ratings & 245 Reviews"
"Infinix Hot 12 Pro (Racing Black, 128 GB)","₹12,999","₹15,999",4,"2,748 Ratings & 245 Reviews"
LAVA Flip,"₹1,740",,4.2,"1,062 Ratings & 80 Reviews"
"OPPO K10 (Black Carbon, 128 GB)","₹16,990","₹22,999",4.3,"4,671 Ratings & 398 Reviews"
"SAMSUNG GALAXY M13 (Midnight Blue, 128 GB)","₹13,889",,4.1,141 Ratings & 8 Reviews
Micromax X415,₹958,,3.9,606 Ratings & 51 Reviews
Micromax S115,₹982,,4.6,10 Ratings & 0 Reviews
Itel Magic3 Smart Touch Keypad,"₹1,643",,4.1,572 Ratings & 49 Reviews
GREENBERRI F1,"₹1,399","₹1,499",3.9,"1,308 Ratings & 97 Reviews"
LAVA A1 2021,"₹1,129",,4.1,"1,766 Ratings & 169 Reviews"
Itel It2171,"₹1,099","₹1,149",4.1,"3,294 Ratings & 307 Reviews"
Kechaoda K66 The Music House 4,"₹1,349",,3.9,"14,433 Ratings & 1,145 Reviews"
"Tecno Spark Go 2022 (ice silver, 32 GB)","₹6,871","₹7,557",4.2,585 Ratings & 45 Reviews
"POCO M4 Pro (Cool Blue, 64 GB)","₹15,159","₹17,999",4.3,"1,06,730 Ratings & 9,763 Reviews"
,,,,
,,,,
"REDMI Note 11T 5G (Stardust White, 128 GB)","₹18,410",,4.2,"2,137 Ratings & 182 Reviews"
"vivo Y53s (Fantastic Rainbow, 128 GB)","₹15,490","₹22,990",4.3,"17,203 Ratings & 1,478 Reviews"
"Itel Vision2S (Gradation Purple, 32 GB)","₹6,199","₹7,099",4,856 Ratings & 84 Reviews
"realme 8s 5G (Universe Blue, 128 GB)","₹18,049","₹20,999",4.4,"75,099 Ratings & 6,116 Reviews"
"Infinix Hot 11 (Silver Wave, 64 GB)","₹9,999","₹11,999",4.3,"15,707 Ratings & 1,347 Reviews"
"MOTOROLA Edge 30 (Aurora Green, 128 GB)","₹29,999","₹34,999",4.1,"2,656 Ratings & 417 Reviews"
"POCO M4 Pro (Yellow, 64 GB)","₹15,159","₹17,999",4.3,"1,06,730 Ratings & 9,763 Reviews"
SAMSUNG Guru Music 2 SM-B315E,"₹2,022",,4.2,"8,734 Ratings & 634 Reviews"
"POCO M4 Pro 5G (Power Black, 128 GB)","₹19,199","₹21,999",4.2,"5,077 Ratings & 451 Reviews"
Cellecor E6+,"₹1,329",,,
Cellecor E6+,"₹1,329",,,
Cellecor E6+,"₹1,329",,,
"Itel A49 (Dome Blue, 32 GB)","₹5,697","₹6,384",4.1,222 Ratings & 14 Reviews
"Infinix Hot 11 2022 (Sunset Gold, 64 GB)","₹9,999","₹12,999",4.2,"11,495 Ratings & 972 Reviews"
"realme C25_Y (Metal Grey, 64 GB)","₹11,179","₹12,999",4.5,"45,079 Ratings & 2,163 Reviews"
"POCO C31 (Shadow Gray, 64 GB)","₹9,499","₹11,999",4.3,"1,53,437 Ratings & 9,678 Reviews"
"realme C25_Y (Glacier Blue, 64 GB)","₹11,179","₹12,999",4.5,"45,079 Ratings & 2,163 Reviews"
"POCO M4 Pro 5G (Yellow, 64 GB)","₹15,199","₹16,999",4.3,"25,836 Ratings & 2,298 Reviews"
Nokia 110 TA-1302 DS,"₹1,899",,4,"24,261 Ratings & 1,920 Reviews"
"SAMSUNG GALAXY M13 (Midnight Blue, 64 GB)","₹10,470",,4.2,655 Ratings & 41 Reviews
"Infinix Hot 12 Pro (Lightsaber Green, 128 GB)","₹12,999","₹15,999",4,"2,748 Ratings & 245 Reviews"
"Infinix Hot 12 Pro (Racing Black, 128 GB)","₹12,999","₹15,999",4,"2,748 Ratings & 245 Reviews"
"Tecno Camon 19 (Eco Black, 128 GB)","₹15,210",,4.2,79 Ratings & 8 Reviews
"realme 9i 5G (Soulful Blue, 128 GB)","₹16,999","₹19,999",4.3,"2,854 Ratings & 187 Reviews"
,,,,
,,,,
"Infinix Hot 11S (Polar Black, 128 GB)","₹11,999","₹14,999",4.3,"45,227 Ratings & 4,891 Reviews"
"REDMI 10 Prime 2022 (Bifrost Blue, 64 GB)","₹11,988",,4.2,"2,412 Ratings & 170 Reviews"
BlackZone B310,₹859,,3.8,"3,143 Ratings & 257 Reviews"
BlackZone B310,₹859,,3.8,"3,143 Ratings & 257 Reviews"
Itel it2163S,₹999,,4,345 Ratings & 33 Reviews
"POCO X4 Pro 5G (Yellow, 128 GB)","₹20,199","₹23,999",4.2,"48,374 Ratings & 4,894 Reviews"
"Google Pixel 7 (Snow, 128 GB)","₹59,999",,4.6,438 Ratings & 96 Reviews
SAMSUNG GT-E1215ZWAINS,"₹1,299","₹1,410",4.3,"33,544 Ratings & 2,908 Reviews"
"POCO M4 Pro 5G (Power Black, 64 GB)","₹15,199","₹16,999",4.3,"25,836 Ratings & 2,298 Reviews"
"REDMI Note 11T 5G (Aquamarine Blue, 128 GB)","₹16,701","₹19,999",4.2,"4,632 Ratings & 383 Reviews"
"IQOO Z6 5G (Chromatic Blue, 128 GB)","₹15,990",,4,236 Ratings & 21 Reviews
"REDMI 10 Prime (Phantom Black, 64 GB)","₹11,937",,4.2,"10,832 Ratings & 815 Reviews"
GFive V8,₹749,,3.8,269 Ratings & 17 Reviews
"SAMSUNG Galaxy M33 5G (Mystique Green, 128 GB)","₹16,890",,4.2,"5,419 Ratings & 489 Reviews"
"POCO X4 Pro 5G (Laser Blue, 128 GB)","₹22,299","₹25,999",4.1,"11,258 Ratings & 1,168 Reviews"
Kechaoda K9,"₹1,399",,4.1,"2,494 Ratings & 236 Reviews"
SAMSUNG Metro 313 Dual Sim,"₹2,250","₹2,340",4.3,"23,272 Ratings & 2,394 Reviews"
"REDMI Note 10T 5G (Chromium White, 128 GB)","₹16,999","₹18,999",4.2,"28,158 Ratings & 2,178 Reviews"
"Infinix Smart 5A (Ocean Wave, 32 GB)","₹7,199","₹7,999",4.3,"77,353 Ratings & 5,330 Reviews"
Snexian Guru 5605N,₹899,,,
"REDMI Note 10S (Cosmic Purple, 64 GB)","₹14,999","₹16,999",4.4,"79,230 Ratings & 5,381 Reviews"
"OPPO Reno8 5G (Shimmer Black, 128 GB)","₹29,999","₹38,999",4.3,"27,002 Ratings & 3,649 Reviews"
"OPPO Reno8 5G (Shimmer Gold, 128 GB)","₹29,999","₹38,999",4.3,"27,002 Ratings & 3,649 Reviews"
"SAMSUNG Galaxy M32 (Light Blue, 64 GB)","₹12,420","₹12,840",4.2,"3,741 Ratings & 377 Reviews"
,,,,
,,,,
"Redmi Note 11 (Horizon Blue, 128 GB)","₹14,490",,4.2,"7,226 Ratings & 607 Reviews"
"Redmi Note 11 (Horizon Blue, 64 GB)","₹11,998","₹13,999",4.2,"7,682 Ratings & 715 Reviews"
"Redmi Note 11 (Space Black, 64 GB)","₹12,824","₹14,000",4.2,"7,226 Ratings & 607 Reviews"
Itel Ace 2N,₹890,,4.1,196 Ratings & 11 Reviews
"OPPO A16E (White, 64 GB)","₹9,999","₹15,990",4.2,"1,115 Ratings & 49 Reviews"
Micromax X513+,"₹1,124","₹1,130",3.8,550 Ratings & 41 Reviews
Micromax X513+,"₹1,150",,3.8,550 Ratings & 41 Reviews
KARBONN K140 Pop,"₹1,089",,3.9,"5,154 Ratings & 447 Reviews"
Nokia 105DS PLUS,"₹1,559",,4.1,151 Ratings & 10 Reviews
Motorola a50,"₹1,699","₹1,999",4.1,"1,270 Ratings & 124 Reviews"
LAVA Flip,"₹1,849",,4.1,"12,781 Ratings & 1,232 Reviews"
Motorola a50,"₹1,699","₹1,999",4.1,"1,270 Ratings & 124 Reviews"
BlackZone B310,₹859,,3.8,"3,143 Ratings & 257 Reviews"
BlackZone B310,₹859,,3.8,"3,143 Ratings & 257 Reviews"
"vivo Y16 (Steller Black, 64 GB)","₹12,499","₹15,999",4.4,187 Ratings & 16 Reviews
"POCO X4 Pro 5G (Laser Blue, 128 GB)","₹20,199","₹23,999",4.2,"48,374 Ratings & 4,894 Reviews"
"SAMSUNG Galaxy M32 (Light Blue, 64 GB)","₹12,420","₹12,840",4.2,"3,741 Ratings & 377 Reviews"
"REDMI 9i (Midnight Black, 64 GB)","₹8,999","₹9,999",4.3,"5,73,119 Ratings & 33,924 Reviews"
Itel it2163S,₹999,,4,345 Ratings & 33 Reviews
"Google Pixel 7 (Snow, 128 GB)","₹59,999",,4.6,438 Ratings & 96 Reviews
"POCO X4 Pro 5G (Yellow, 128 GB)","₹20,199","₹23,999",4.2,"48,374 Ratings & 4,894 Reviews"
"SAMSUNG Galaxy M33 5G (Mystique Green, 128 GB)","₹16,490","₹17,899",4.2,"5,419 Ratings & 489 Reviews"
"POCO M4 Pro 5G (Power Black, 64 GB)","₹15,199","₹16,999",4.3,"25,836 Ratings & 2,298 Reviews"
KARBONN K140 Pop,₹999,,3.9,"5,154 Ratings & 447 Reviews"
,,,,
,,,,
"SAMSUNG Galaxy M32 (Light Blue, 64 GB)","₹12,420","₹12,840",4.2,"3,741 Ratings & 377 Reviews"
"POCO M4 Pro 5G (Power Black, 64 GB)","₹15,199","₹16,999",4.3,"25,836 Ratings & 2,298 Reviews"
Motorola a50,"₹1,699","₹1,999",4.1,"1,270 Ratings & 124 Reviews"
"POCO X4 Pro 5G (Yellow, 128 GB)","₹20,199","₹23,999",4.2,"48,374 Ratings & 4,894 Reviews"
Motorola a50,"₹1,699","₹1,999",4.1,"1,270 Ratings & 124 Reviews"
"SAMSUNG Galaxy M33 5G (Mystique Green, 128 GB)","₹16,890",,4.2,"5,419 Ratings & 489 Reviews"
"POCO X4 Pro 5G (Laser Blue, 128 GB)","₹22,299","₹25,999",4.1,"11,258 Ratings & 1,168 Reviews"
"REDMI Note 11T 5G (Aquamarine Blue, 128 GB)","₹17,913",,4.2,"2,137 Ratings & 182 Reviews"
"REDMI Note 11T 5G (Aquamarine Blue, 128 GB)","₹16,701","₹19,999",4.2,"4,632 Ratings & 383 Reviews"
GFive V8,₹749,,3.8,269 Ratings & 17 Reviews
SAMSUNG GT-E1215ZWAINS,"₹1,299","₹1,410",4.3,"33,544 Ratings & 2,908 Reviews"
"Infinix Smart 5A (Ocean Wave, 32 GB)","₹7,199","₹7,999",4.3,"77,353 Ratings & 5,330 Reviews"
"REDMI Note 10S (Cosmic Purple, 64 GB)","₹14,999","₹16,999",4.4,"79,230 Ratings & 5,381 Reviews"
Snexian Guru 5605N,₹899,,,
"IQOO Z6 5G (Chromatic Blue, 128 GB)","₹15,990",,4,236 Ratings & 21 Reviews
"OPPO Reno8 5G (Shimmer Black, 128 GB)","₹29,999","₹38,999",4.3,"27,002 Ratings & 3,649 Reviews"
"OPPO Reno8 5G (Shimmer Gold, 128 GB)","₹29,999","₹38,999",4.3,"27,002 Ratings & 3,649 Reviews"
SAMSUNG Metro 313 Dual Sim,"₹2,250","₹2,340",4.3,"23,272 Ratings & 2,394 Reviews"
"REDMI Note 10T 5G (Chromium White, 128 GB)","₹16,999","₹18,999",4.2,"28,158 Ratings & 2,178 Reviews"
"REDMI Note 11 Pro (Star Blue, 128 GB)","₹20,790","₹23,990",4.1,511 Ratings & 36 Reviews
Good One FLIP,"₹1,399",,4,350 Ratings & 44 Reviews
"vivo Y01 (Elegant Black, 32 GB)","₹7,999","₹12,999",4.2,749 Ratings & 53 Reviews
"vivo Y01 (Sapphire Blue, 32 GB)","₹7,999","₹12,999",4.2,749 Ratings & 53 Reviews
Kechaoda K9,"₹1,399",,4.1,"2,494 Ratings & 236 Reviews"
,,,,
,,,,
"Google Pixel 7 Pro (Obsidian, 128 GB)","₹84,999",,4.5,346 Ratings & 63 Reviews
KARBONN Jumbo K9,"₹1,345",,4,"12,341 Ratings & 1,266 Reviews"
"Infinix Hot 11S (Green Wave, 64 GB)","₹10,999","₹13,999",4.3,"45,227 Ratings & 4,891 Reviews"
LAVA A1,₹899,"₹1,049",4.2,"1,06,951 Ratings & 11,401 Reviews"
"Infinix Note 11 (Celestial Snow, 128 GB)","₹14,499","₹16,999",4.2,"9,388 Ratings & 1,135 Reviews"
"Infinix Note 11 (Glacier Green, 128 GB)","₹14,499","₹16,999",4.2,"9,388 Ratings & 1,135 Reviews"
"MarQ by Flipkart M3 Smart (M3) (Blue,32GB)( 2GB RAM)","₹7,999",,3.8,"1,120 Ratings & 195 Reviews"
Snexian Guru 5605N,₹899,,,
Kechaoda A26,"₹1,059","₹1,190",4.1,"13,207 Ratings & 973 Reviews"
Kechaoda A26,"₹1,074","₹1,190",4.1,"13,207 Ratings & 973 Reviews"
Kechaoda A26,"₹1,074",,4.1,"13,207 Ratings & 973 Reviews"
"realme Narzo 50A (Oxygen Blue, 64 GB)","₹11,699","₹12,999",4.4,"3,34,324 Ratings & 21,928 Reviews"
"vivo V25 5G (Elegant Black, 128 GB)","₹27,999","₹32,999",4.3,"3,842 Ratings & 407 Reviews"
Micromax X778,"₹1,499",,3.9,"1,944 Ratings & 191 Reviews"
MarQ by Flipkart M70 Shakti,"₹1,499","₹1,599",3.9,"2,078 Ratings & 265 Reviews"
"vivo V25 5G (Surfing Blue, 128 GB)","₹27,999","₹32,999",4.3,"3,842 Ratings & 407 Reviews"
"REDMI Note 10T 5G (Metallic Blue, 64 GB)","₹14,999","₹16,999",4.3,"41,609 Ratings & 2,998 Reviews"
SAMSUNG Guru Music 2,"₹2,294",,4.3,"1,93,241 Ratings & 18,115 Reviews"
"REDMI Note 10S (Cosmic Purple, 64 GB)","₹14,999","₹16,999",4.4,"79,230 Ratings & 5,381 Reviews"
"Infinix Hot 11S (Green Wave, 128 GB)","₹11,999","₹14,999",4.3,"45,227 Ratings & 4,891 Reviews"
"vivo Y21G (Midnight Blue, 64 GB)","₹13,499","₹17,990",4.3,"1,704 Ratings & 147 Reviews"
"REDMI 10A SPORT (SEA BLUE, 128 GB)","₹11,445",,4,250 Ratings & 19 Reviews
"vivo Y21G (Diamond Glow, 64 GB)","₹13,499","₹17,990",4.3,"1,704 Ratings & 147 Reviews"
"Infinix Note 12 TURBO (Snowfall, 128 GB)","₹14,999","₹19,999",4.2,"5,954 Ratings & 787 Reviews"
,,,,
,,,,
"realme 9 Pro+ 5G (Aurora Green, 128 GB)","₹25,349","₹27,999",4.4,"28,861 Ratings & 3,543 Reviews"
"Infinix Smart 5A (Midnight Black, 32 GB)","₹7,199","₹7,999",4.3,"77,353 Ratings & 5,330 Reviews"
"Infinix Smart 5A (Quetzal Cyan, 32 GB)","₹7,199","₹7,999",4.3,"77,353 Ratings & 5,330 Reviews"
LAVA Hero Punch,"₹1,249",,4,"1,263 Ratings & 97 Reviews"
LAVA Hero Punch,₹900,"₹1,249",4,"1,263 Ratings & 97 Reviews"
"Redmi Note 11 (Starburst White, 64 GB)","₹12,588","₹18,999",4.2,"7,226 Ratings & 607 Reviews"
"Redmi Note 11 (Starburst White, 128 GB)","₹15,700",,4.2,"7,226 Ratings & 607 Reviews"
"SAMSUNG Galaxy A53 (Awesome Blue, 128 GB)","₹35,999","₹39,990",4.1,"1,024 Ratings & 115 Reviews"
"Itel Vision 3 (Deep Ocean Black, 64 GB)","₹6,999","₹7,949",4,308 Ratings & 39 Reviews
"MOTOROLA G60 (Frosted Champagne, 128 GB)","₹15,999","₹21,999",4.2,"1,25,346 Ratings & 12,700 Reviews"
"Infinix Hot 11 (Emerald Green, 64 GB)","₹9,999","₹11,999",4.3,"15,707 Ratings & 1,347 Reviews"
"REDMI 11 Prime 5G (Chrome Silver, 64 GB)","₹13,269",,4.3,286 Ratings & 18 Reviews
"REDMI 11 Prime 5G (Thunder Black, 64 GB)","₹13,185",,4.3,286 Ratings & 18 Reviews
"vivo Y15c (Mystic Blue, 32 GB)","₹9,875",,4.1,812 Ratings & 59 Reviews
"realme C21 (Cross Black, 64 GB)","₹10,699","₹10,999",4.4,"1,46,174 Ratings & 7,088 Reviews"
"realme 8i (Space Black, 64 GB)","₹14,199","₹15,999",4.5,"1,69,625 Ratings & 10,736 Reviews"
"vivo Y15s (Wave Green, 32 GB)","₹9,499","₹13,990",4.3,"3,005 Ratings & 222 Reviews"
Cellecor E6+,"₹1,329",,,
"OPPO A77s (Sunset Orange, 128 GB)","₹22,999",,,
"MOTOROLA Edge 30 Fusion (Cosmic grey, 128 GB)","₹42,999","₹49,999",4.3,"1,159 Ratings & 219 Reviews"
"OPPO A77s (Starry Black, 128 GB)","₹22,999",,,
"vivo Y22 (Starlit Blue, 64 GB)","₹14,499","₹17,990",4.2,98 Ratings & 3 Reviews
BlackZone ECO X,"₹1,459","₹1,470",4,"7,460 Ratings & 490 Reviews"
BlackZone ECO X,"₹1,459","₹1,470",4,"7,460 Ratings & 490 Reviews"
,,,,
,,,,
"Tecno Camon 19 (Memphis Green, 128 GB)","₹15,285",,4.2,79 Ratings & 8 Reviews
"Tecno Pova 3 (Eco Black, 128 GB)","₹13,490",,4,72 Ratings & 5 Reviews
BlackZone ECO X,"₹1,459","₹1,470",4,"7,460 Ratings & 490 Reviews"
"vivo T1 Pro 5G (Turbo Black, 128 GB)","₹24,999","₹30,990",4.3,"11,945 Ratings & 1,263 Reviews"
"vivo T1 Pro 5G (Turbo Black, 128 GB)","₹23,999","₹28,990",4.3,"6,141 Ratings & 586 Reviews"
LAVA Hero 600+,₹999,,4.1,"7,668 Ratings & 701 Reviews"
"realme C21Y (Cross Blue, 32 GB)","₹9,599","₹9,999",4.6,"88,532 Ratings & 3,046 Reviews"
"realme C21Y (Cross Black, 64 GB)","₹10,699","₹10,999",4.5,"2,51,938 Ratings & 9,526 Reviews"
"APPLE iPhone 12 Mini (White, 64 GB)","₹43,999","₹59,900",4.5,"1,16,139 Ratings & 9,285 Reviews"
SAMSUNG GURU GT,"₹1,655",,4.1,"2,686 Ratings & 176 Reviews"
"SAMSUNG Galaxy M33 5G (Emarld Brown, 128 GB)","₹16,942",,4.2,"5,419 Ratings & 489 Reviews"
"APPLE iPhone 13 (Green, 256 GB)","₹74,999","₹79,900",4.7,"1,48,995 Ratings & 8,068 Reviews"
Kechaoda K55,"₹1,300",,4,126 Ratings & 7 Reviews
Micromax J2,₹974,,3.6,36 Ratings & 2 Reviews
"Redmi Note 11 PRO Plus 5G (Stealth Black, 128 GB)","₹19,500",,4.2,"3,987 Ratings & 355 Reviews"
"REDMI Note 10T 5G (Graphite Black, 128 GB)","₹16,999","₹18,999",4.2,"28,158 Ratings & 2,178 Reviews"
Micromax X746,"₹2,499",,4,"19,799 Ratings & 2,130 Reviews"
"Infinix Hot 11 2022 (Aurora Green, 64 GB)","₹9,999","₹12,999",4.2,"11,495 Ratings & 972 Reviews"
GREENBERRI F1,"₹1,399","₹1,499",3.9,"1,308 Ratings & 97 Reviews"
"OPPO A15s (Dynamic Black, 64 GB)","₹10,285","₹11,389",4.4,"5,147 Ratings & 280 Reviews"
"OPPO A15S (Fancy white, 128 GB)","₹11,600","₹12,990",4.4,"5,147 Ratings & 280 Reviews"
"SAMSUNG Galaxy A33 (Awesome Peach, 128 GB)","₹29,999","₹33,990",4.1,643 Ratings & 73 Reviews
"vivo V25 5G (Elegant Black, 256 GB)","₹31,999","₹36,999",4.2,736 Ratings & 89 Reviews
"vivo V25 5G (Surfing Blue, 256 GB)","₹31,999","₹36,999",4.2,736 Ratings & 89 Reviews
,,,,
,,,,
"SAMSUNG Galaxy A33 (Awesome Peach, 128 GB)","₹29,999","₹33,990",4.1,643 Ratings & 73 Reviews
"OPPO A15s (Dynamic Black, 64 GB)","₹10,285","₹11,389",4.4,"5,147 Ratings & 280 Reviews"
"OPPO A15S (Fancy white, 128 GB)","₹11,600","₹12,990",4.4,"5,147 Ratings & 280 Reviews"
"vivo V25 5G (Surfing Blue, 256 GB)","₹31,999","₹36,999",4.2,736 Ratings & 89 Reviews
"vivo V25 5G (Elegant Black, 256 GB)","₹31,999","₹36,999",4.2,736 Ratings & 89 Reviews
"OPPO A15S (Rainbow Silver, 64 GB)","₹10,989","₹12,989",4.4,"5,147 Ratings & 280 Reviews"
"REDMI Note 10T 5G (Metallic Blue, 64 GB)","₹14,999","₹16,999",4.3,"41,609 Ratings & 2,998 Reviews"
"Infinix Note 12 Pro 5G (Force Black, 128 GB)","₹18,999","₹24,999",4.1,"10,985 Ratings & 1,497 Reviews"
Itel Power 100 New,"₹1,380",,4.2,692 Ratings & 46 Reviews
"Infinix Note 12 Pro 5G (Snowfall, 128 GB)","₹18,999","₹24,999",4.1,"10,985 Ratings & 1,497 Reviews"
"realme Narzo 50A (Oxygen Green, 64 GB)","₹11,699","₹12,999",4.4,"3,34,324 Ratings & 21,928 Reviews"
Kechaoda K115,"₹1,139","₹1,149",4.1,"27,739 Ratings & 2,167 Reviews"
Itel U20,"₹1,079","₹1,179",4,716 Ratings & 57 Reviews
Kechaoda K115,"₹1,140","₹1,150",4.1,"27,739 Ratings & 2,167 Reviews"
Kechaoda K115,"₹1,149",,4.1,"27,739 Ratings & 2,167 Reviews"
"Infinix Hot 11 2022 (Aurora Green, 64 GB)","₹9,999","₹12,999",4.2,"11,495 Ratings & 972 Reviews"
"REDMI K50i (Quick Silver, 128 GB)","₹22,999",,4.2,177 Ratings & 18 Reviews
"SAMSUNG Galaxy A23 (Blue, 128 GB)","₹20,999","₹25,490",4.3,322 Ratings & 22 Reviews
"Redmi Note 11 (Space Black, 64 GB)","₹12,738",,4.2,"7,226 Ratings & 607 Reviews"
"realme 8 (Cyber Silver, 128 GB)","₹17,199","₹17,999",4.4,"1,20,625 Ratings & 9,942 Reviews"
"REDMI A1 (Black, 32 GB)","₹6,756",,4.1,422 Ratings & 29 Reviews
"APPLE iPhone 13 (Green, 256 GB)","₹74,999","₹79,900",4.7,"1,48,995 Ratings & 8,068 Reviews"
"POCO X4 Pro 5G (Laser Blue, 64 GB)","₹19,199","₹22,999",4.2,"48,374 Ratings & 4,894 Reviews"
Nokia 105 PLUS,"₹1,899",,4.1,"3,652 Ratings & 262 Reviews"
,,,,
,,,,
"Redmi 8A Dual (Sea Blue, 64 GB)","₹8,990",,4.2,"18,104 Ratings & 1,180 Reviews"
"Infinix Hot 11S (7° Purple, 128 GB)","₹11,999","₹14,999",4.3,"45,227 Ratings & 4,891 Reviews"
"Infinix Hot 11S (Silver Wave, 128 GB)","₹11,999","₹14,999",4.3,"45,227 Ratings & 4,891 Reviews"
"realme C21 (Cross Blue, 64 GB)","₹10,699","₹10,999",4.4,"1,46,174 Ratings & 7,088 Reviews"
"OPPO A16E (White, 32 GB)","₹8,999","₹13,990",4.3,381 Ratings & 13 Reviews
"OPPO A16E (Midnight Black, 64 GB)","₹9,999","₹15,990",4.2,"1,115 Ratings & 49 Reviews"
"REDMI NOTE 10 LITE (Aurora Blue, 64 GB)","₹13,315","₹16,990",4.3,"2,045 Ratings & 164 Reviews"
Kechaoda K9,"₹1,399",,4.1,"2,494 Ratings & 236 Reviews"
Kechaoda K33 Rock,"₹1,249",,,
SAMSUNG Guru GT,"₹1,699","₹1,849",4.1,"2,686 Ratings & 176 Reviews"
Kechaoda K33 Rock,"₹1,249",,,
Itel Power 100 New,"₹1,380",,4.2,692 Ratings & 46 Reviews
LAVA A1 Super 2021,"₹1,199","₹1,340",4.1,"1,791 Ratings & 137 Reviews"
"POCO X4 Pro 5G (Laser Black, 64 GB)","₹19,199","₹22,999",4.2,"48,374 Ratings & 4,894 Reviews"
"Itel A49 (Crystal Purple, 32 GB)","₹5,797","₹6,384",4.1,222 Ratings & 14 Reviews
"REDMI Note 10T 5G (Graphite Black, 64 GB)","₹14,999","₹16,999",4.3,"41,609 Ratings & 2,998 Reviews"
"POCO F4 5G (Night Black, 128 GB)","₹29,999","₹34,999",4.3,"3,690 Ratings & 523 Reviews"
"SAMSUNG Galaxy A33 (Awesome Black, 128 GB)","₹28,499","₹32,990",4,"1,105 Ratings & 116 Reviews"
Kechaoda 888,"₹1,887",,4.1,97 Ratings & 7 Reviews
"Redmi Note 11 PRO Plus 5G (Phantom White, 128 GB)","₹20,799",,4.2,"3,987 Ratings & 355 Reviews"
"APPLE iPhone 13 ((PRODUCT)RED, 256 GB)","₹74,999","₹79,900",4.7,"1,48,995 Ratings & 8,068 Reviews"
"REDMI Note 10 Pro (Dark Nebula, 128 GB)","₹18,969","₹18,988",4.3,"39,550 Ratings & 3,687 Reviews"
KARBONN K9 max,"₹1,890",,4.1,"3,278 Ratings & 302 Reviews"
"REDMI Note 10 Pro (Vintage Bronze, 128 GB)","₹17,999","₹19,999",4.3,"39,550 Ratings & 3,687 Reviews"
,,,,
,,,,
Kechaoda K33 Rock,"₹1,249",,,
SAMSUNG Guru GT,"₹1,699","₹1,849",4.1,"2,686 Ratings & 176 Reviews"
"REDMI A1+ (Light Green, 32 GB)","₹8,499","₹10,999",4.1,56 Ratings & 6 Reviews
"SAMSUNG Galaxy A23 (Peach, 128 GB)","₹20,999","₹25,490",4.3,322 Ratings & 22 Reviews
Itel power 100,"₹1,289",,4.1,459 Ratings & 30 Reviews
KARBONN K9 max,"₹1,890",,4.1,"3,278 Ratings & 302 Reviews"
"REDMI Note 10 Pro (Dark Nebula, 128 GB)","₹18,969","₹18,988",4.3,"39,550 Ratings & 3,687 Reviews"
"REDMI Note 10 Pro (Vintage Bronze, 128 GB)","₹17,999","₹19,999",4.3,"39,550 Ratings & 3,687 Reviews"
"Google Pixel 6a (Charcoal, 128 GB)","₹34,999","₹43,999",4.3,"16,327 Ratings & 2,075 Reviews"
"Google Pixel 6a (Chalk, 128 GB)","₹34,999","₹43,999",4.3,"16,327 Ratings & 2,075 Reviews"
"SAMSUNG Galaxy S22 Plus 5G (Phantom Black, 128 GB)","₹84,999","₹1,01,999",4.5,"1,432 Ratings & 163 Reviews"
"APPLE iPhone 13 ((PRODUCT)RED, 256 GB)","₹74,999","₹79,900",4.7,"1,48,995 Ratings & 8,068 Reviews"
"Redmi Note 11 PRO Plus 5G (Phantom White, 128 GB)","₹20,799",,4.2,"3,987 Ratings & 355 Reviews"
Kechaoda K9,"₹1,399",,4.1,"2,494 Ratings & 236 Reviews"
"MOTOROLA edge 30 (Meteor Grey, 128 GB)","₹27,999","₹30,999",4.1,"4,878 Ratings & 738 Reviews"
"vivo V25 Pro 5G (Sailing Blue, 128 GB)","₹35,999","₹39,999",4.3,"4,343 Ratings & 614 Reviews"
SAMSUNG GURU 1200,"₹1,640","₹1,799",4.1,383 Ratings & 25 Reviews
MarQ by Flipkart M70 Shakti,"₹1,499","₹1,599",3.9,"2,078 Ratings & 265 Reviews"
"Infinix Note 11 (Graphite Black, 128 GB)","₹14,499","₹16,999",4.2,"9,388 Ratings & 1,135 Reviews"
SAMSUNG Guru Music 2,"₹2,279",,4.3,"1,93,241 Ratings & 18,115 Reviews"
"APPLE iPhone 12 Mini (Blue, 64 GB)","₹43,999","₹59,900",4.5,"1,16,139 Ratings & 9,285 Reviews"
"realme C30s (Stripe Black, 64 GB)","₹8,999","₹11,999",4.2,721 Ratings & 53 Reviews
"realme C30s (Stripe Blue, 64 GB)","₹8,999","₹11,999",4.2,721 Ratings & 53 Reviews
Itel IT5026,"₹1,306","₹1,369",4,938 Ratings & 92 Reviews
,,,,
,,,,
GREENBERRI F1,"₹1,399","₹1,499",3.9,"1,308 Ratings & 97 Reviews"
"APPLE iPhone 13 (Starlight, 256 GB)","₹74,999","₹79,900",4.7,"1,48,995 Ratings & 8,068 Reviews"
LAVA Flip,"₹1,799",,4.1,"12,769 Ratings & 1,231 Reviews"
"10 Prime (Phantom Black, 64 GB)","₹12,998",,4.3,63 Ratings & 1 Reviews
"POCO M4 Pro (Power Black, 128 GB)","₹18,199","₹21,999",4.3,"10,287 Ratings & 895 Reviews"
DIZO Star 300,"₹1,449",,3.9,"9,171 Ratings & 1,099 Reviews"
Itel Magic3 Smart Touch Keypad,"₹1,680",,4.1,572 Ratings & 49 Reviews
"Infinix Hot 11S (Polar Black, 64 GB)","₹10,999","₹13,999",4.3,"45,227 Ratings & 4,891 Reviews"
"vivo Y15c (Wave Green, 32 GB)","₹9,977",,4.1,812 Ratings & 59 Reviews
"realme 8i (Space Purple, 64 GB)","₹14,199","₹15,999",4.5,"1,69,625 Ratings & 10,736 Reviews"
Snexian BOLD 9,₹799,,3.6,259 Ratings & 14 Reviews
"realme 8 5G (Supersonic Black, 128 GB)","₹18,599","₹18,999",4.4,"69,416 Ratings & 5,703 Reviews"
Nokia 125 DS 2020,"₹2,399",,3.9,"5,619 Ratings & 386 Reviews"
"APPLE iPhone 13 (Midnight, 256 GB)","₹74,999","₹79,900",4.7,"1,48,995 Ratings & 8,068 Reviews"
Energizer M1,₹799,,3.6,418 Ratings & 29 Reviews
"Tecno Spark 8C (Turquoise Cyan, 64 GB)","₹9,189",,4.3,86 Ratings & 9 Reviews
"Tecno Spark 8C (Iris Purple, 64 GB)","₹8,944",,4.3,86 Ratings & 9 Reviews
"SAMSUNG Galaxy F12 (Celestial Black, 64 GB)","₹10,499","₹12,999",4.3,"2,94,831 Ratings & 23,428 Reviews"
"POCO M4 Pro 5G (Cool Blue, 128 GB)","₹19,199","₹21,999",4.2,"5,077 Ratings & 451 Reviews"
"realme 9 Pro+ 5G (Midnight Black, 128 GB)","₹25,349","₹27,999",4.4,"28,861 Ratings & 3,543 Reviews"
"POCO X4 Pro 5G (Yellow, 128 GB)","₹22,299","₹25,999",4.1,"11,258 Ratings & 1,168 Reviews"
"realme 9 Pro+ 5G (Sunrise Blue, 128 GB)","₹25,349","₹27,999",4.4,"28,861 Ratings & 3,543 Reviews"
"POCO M3 Pro 5G (Cool Blue, 128 GB)","₹16,699","₹17,999",4.2,"51,473 Ratings & 4,382 Reviews"
"realme 9 Pro+ 5G (Sunrise Blue, 128 GB)","₹27,349","₹29,999",4.4,"24,668 Ratings & 2,851 Reviews"
,,,,
,,,,
"SAMSUNG Galaxy F12 (Celestial Black, 64 GB)","₹10,499","₹12,999",4.3,"2,94,831 Ratings & 23,428 Reviews"
"POCO M4 Pro 5G (Cool Blue, 128 GB)","₹19,199","₹21,999",4.2,"5,077 Ratings & 451 Reviews"
"realme GT 2 (Paper White, 256 GB)","₹39,299","₹44,999",4.3,"1,010 Ratings & 137 Reviews"
"Tecno Pova 3 (Electric Blue, 64 GB)","₹11,798",,4.3,69 Ratings & 6 Reviews
Micromax X746,"₹2,499",,4,"19,799 Ratings & 2,130 Reviews"
"SAMSUNG Galaxy A23 (Black, 128 GB)","₹20,999","₹25,490",4.3,322 Ratings & 22 Reviews
"REDMI Note 11S (Space Black, 128 GB)","₹15,747","₹20,999",4.2,"1,553 Ratings & 137 Reviews"
"APPLE iPhone 12 Mini (Black, 64 GB)","₹43,999","₹59,900",4.5,"1,16,139 Ratings & 9,285 Reviews"
"realme 9 Pro+ 5G (Sunrise Blue, 128 GB)","₹25,349","₹27,999",4.4,"28,861 Ratings & 3,543 Reviews"
"POCO X4 Pro 5G (Yellow, 128 GB)","₹22,299","₹25,999",4.1,"11,258 Ratings & 1,168 Reviews"
"realme 9 Pro+ 5G (Sunrise Blue, 128 GB)","₹27,349","₹29,999",4.4,"24,668 Ratings & 2,851 Reviews"
"realme 9 Pro+ 5G (Midnight Black, 128 GB)","₹25,349","₹27,999",4.4,"28,861 Ratings & 3,543 Reviews"
"POCO M3 Pro 5G (Cool Blue, 128 GB)","₹16,699","₹17,999",4.2,"51,473 Ratings & 4,382 Reviews"
DIZO Star 300,"₹1,449",,3.9,"9,171 Ratings & 1,099 Reviews"
Kechaoda K115,"₹1,249",,4.1,"27,739 Ratings & 2,167 Reviews"
Kechaoda K115,"₹1,130","₹1,220",4.1,"27,739 Ratings & 2,167 Reviews"
Kechaoda K115,"₹1,149","₹1,299",4.1,"27,739 Ratings & 2,167 Reviews"
Kechaoda K115,"₹1,147",,4.1,"27,739 Ratings & 2,167 Reviews"
"SAMSUNG Galaxy A53 (Awesome Peach, 128 GB)","₹35,999","₹39,990",4.1,"1,024 Ratings & 115 Reviews"
"POCO M4 Pro (Yellow, 128 GB)","₹18,199","₹21,999",4.3,"10,287 Ratings & 895 Reviews"
"Itel A49 (Sky Cyan, 32 GB)","₹5,799","₹6,399",4.1,222 Ratings & 14 Reviews
"Infinix Hot 11 2022 (Polar Black, 64 GB)","₹9,999","₹12,999",4.2,"11,495 Ratings & 972 Reviews"
"REDMI Note 10S (Deep Sea Blue, 128 GB)","₹18,499","₹20,999",4.2,"6,842 Ratings & 636 Reviews"
Nokia 125 TA-1253 DS,"₹2,390",,4,"2,625 Ratings & 182 Reviews"
,,,,
,,,,
"SAMSUNG Galaxy A53 (Awesome Black, 128 GB)","₹35,999","₹39,990",4.1,"1,024 Ratings & 115 Reviews"
GREENBERRI F1,"₹1,399","₹1,499",3.9,"1,308 Ratings & 97 Reviews"
"OPPO F19 Pro (Fantastic Purple, 128 GB)","₹19,490",,4.3,"9,128 Ratings & 751 Reviews"
Salora Vishaal,₹999,"₹1,095",3.8,97 Ratings & 7 Reviews
"vivo Y75 (Moonlight Shadow, 128 GB)","₹20,999","₹25,990",4.2,"1,129 Ratings & 102 Reviews"
"Tecno Pova 3 (Electric Blue, 64 GB)","₹11,798",,4.3,69 Ratings & 6 Reviews
"Tecno Spark 9 (Infinity Black, 128 GB)","₹9,980",,4,304 Ratings & 19 Reviews
"vivo y15s (MYSTIC BLUE, 32 GB)","₹9,980",,4.3,"3,005 Ratings & 222 Reviews"
"APPLE iPhone 13 (Blue, 256 GB)","₹74,999","₹79,900",4.7,"1,48,995 Ratings & 8,068 Reviews"
"MOTOROLA g42 (Atlantic Green, 64 GB)","₹13,999","₹16,999",4.1,"1,883 Ratings & 253 Reviews"
"OPPO F21SPRO (Orange, 128 GB)","₹21,989",,5,4 Ratings & 0 Reviews
"Redmi Note 11 PRO Plus 5G (Stealth Black, 128 GB)","₹20,479",,4.2,"3,987 Ratings & 355 Reviews"
"Redmi Note 11 (Horizon Blue, 128 GB)","₹15,399",,4.2,"7,226 Ratings & 607 Reviews"
Itel Muzik 110,"₹1,249","₹1,299",4,281 Ratings & 26 Reviews
"SAMSUNG M53 5G (Mystique Green, 128 GB)","₹22,890",,4.2,170 Ratings & 20 Reviews
"SAMSUNG Galaxy F12 (Sky Blue, 128 GB)","₹11,499","₹13,999",4.3,"2,94,831 Ratings & 23,428 Reviews"
"realme 8 5G (Supersonic Blue, 64 GB)","₹15,699","₹15,999",4.3,"75,316 Ratings & 6,009 Reviews"
"APPLE iPhone 14 Plus (Purple, 256 GB)","₹99,900",,4.6,117 Ratings & 14 Reviews
"APPLE iPhone 14 (Purple, 128 GB)","₹79,900",,4.7,347 Ratings & 20 Reviews
"SAMSUNG Galaxy A73 5G (Awesome Mint, 256 GB)","₹44,999","₹49,990",4.2,"1,085 Ratings & 142 Reviews"
"APPLE iPhone 11 (Yellow, 64 GB)","₹40,990","₹43,900",4.6,"1,61,007 Ratings & 9,624 Reviews"
KARBONN K9,"₹1,350","₹1,390",4.1,"7,442 Ratings & 636 Reviews"
"vivo Y73 (Roman Black, 128 GB)","₹19,990","₹24,990",4.4,"9,828 Ratings & 876 Reviews"
Kechaoda A20,₹999,,3.8,61 Ratings & 4 Reviews
,,,,
"Infinix Note 11s (Symphony Cyan, 64 GB)","₹13,999","₹16,999",4.3,"11,358 Ratings & 1,523 Reviews"
"vivo V25 Pro 5G (Pure Black, 128 GB)","₹35,999","₹39,999",4.3,"4,343 Ratings & 614 Reviews"
"vivo V25 Pro 5G (Sailing Blue, 256 GB)","₹39,999","₹43,999",4.4,872 Ratings & 114 Reviews
"APPLE iPhone 11 (Yellow, 64 GB)","₹40,990","₹43,900",4.6,"1,61,007 Ratings & 9,624 Reviews"
"APPLE iPhone 14 (Blue, 128 GB)","₹79,900",,4.7,347 Ratings & 20 Reviews
"MOTOROLA e32s (Misty Silver, 32 GB)","₹8,999","₹9,449",3.7,87 Ratings & 17 Reviews
LAVA A1,"₹1,159",,4.2,"20,213 Ratings & 1,914 Reviews"
KARBONN K9,"₹1,350","₹1,390",4.1,"7,442 Ratings & 636 Reviews"
"vivo Y73 (Roman Black, 128 GB)","₹19,990","₹24,990",4.4,"9,828 Ratings & 876 Reviews"
Kechaoda A20,₹999,,3.8,61 Ratings & 4 Reviews
"SAMSUNG GALAXY M13 5G (?Stardust Brown, 128 GB)","₹15,789",,4.2,83 Ratings & 6 Reviews
"APPLE iPhone 13 ((PRODUCT)RED, 128 GB)","₹65,999","₹69,900",4.7,"1,48,995 Ratings & 8,068 Reviews"
Itel it5026,"₹1,347","₹1,369",4,938 Ratings & 92 Reviews
"MOTOROLA Edge 30 Ultra (Interstellar Black, 128 GB)","₹59,999","₹69,999",4.4,729 Ratings & 163 Reviews
Itel it5026,"₹1,307",,4,938 Ratings & 92 Reviews
"OPPO A16 (Pearl Blue, 64 GB)","₹12,990","₹15,990",4.3,"3,464 Ratings & 247 Reviews"
Nokia 105 DS 2020,"₹1,699",,4.2,"27,074 Ratings & 2,043 Reviews"
Cellecor E8,"₹1,469",,3.9,7 Ratings & 0 Reviews
Nokia 105 DS 2020,"₹1,699",,4.2,"27,074 Ratings & 2,043 Reviews"
"SAMSUNG Galaxy A33 (Awesome Blue, 128 GB)","₹29,999","₹33,990",4.1,643 Ratings & 73 Reviews
MarQ by Flipkart M70 Shakti,"₹1,499","₹1,599",3.9,"2,078 Ratings & 265 Reviews"
KARBONN KX3,₹999,,4,"1,769 Ratings & 120 Reviews"
"SAMSUNG Galaxy A33 (Awesome Peach, 128 GB)","₹28,499","₹32,990",4,"1,105 Ratings & 116 Reviews"
"REDMI Note 10 (Frost White, 128 GB)","₹15,650",,4.3,"7,322 Ratings & 531 Reviews"
,,,,
,,,,
"APPLE iPhone 14 (Purple, 128 GB)","₹79,900",,4.7,347 Ratings & 20 Reviews
"OPPO A57 (Glowing Green, 64 GB)","₹13,999","₹16,990",4.4,"1,719 Ratings & 93 Reviews"
Easyfone Udaan_Plus,"₹2,699",,,
"realme 8s 5G (Universe Blue, 128 GB)","₹20,199","₹22,999",4.4,"52,538 Ratings & 4,716 Reviews"
"OPPO A54 (Starry Blue, 128 GB)","₹13,990","₹17,990",4.3,"3,897 Ratings & 224 Reviews"
"Mi 11 Lite (Vinyl Black, 128 GB)","₹23,999","₹25,999",4.2,"5,971 Ratings & 611 Reviews"
"POCO M2 Pro (Green and Greener, 64 GB)","₹14,199","₹16,999",4.3,"2,47,785 Ratings & 24,406 Reviews"
"POCO F4 5G (Night Black, 256 GB)","₹33,999","₹39,999",4.3,"2,035 Ratings & 318 Reviews"
"REDMI 9 Power (Blazing Blue, 128 GB)","₹13,499","₹16,999",4.3,"48,322 Ratings & 3,719 Reviews"
Micromax X809,"₹1,415",,3.8,"4,614 Ratings & 409 Reviews"
Kechaoda K55 Pro,"₹1,399",,4,421 Ratings & 26 Reviews
KARBONN K8 POWER BLUE,"₹1,129",,4.4,24 Ratings & 0 Reviews
"APPLE iPhone 14 Pro Max (Deep Purple, 128 GB)","₹1,39,900",,4.7,222 Ratings & 20 Reviews
"APPLE iPhone 12 Mini (Black, 128 GB)","₹48,999","₹64,900",4.5,"1,16,139 Ratings & 9,285 Reviews"
"Itel A27 (Silver Purple, 32 GB)","₹5,299","₹5,599",4,534 Ratings & 42 Reviews
"APPLE iPhone 12 Mini (Green, 128 GB)","₹48,999","₹64,900",4.5,"1,16,139 Ratings & 9,285 Reviews"
"realme C21Y (Cross Black, 32 GB)","₹9,599","₹9,999",4.6,"88,532 Ratings & 3,046 Reviews"
"Itel Vision3 (Jewel Blue, 32 GB)","₹6,199",,,
"Redmi Note 11 PRO Plus 5G (Mirage Blue, 256 GB)","₹24,299",,4.2,"1,808 Ratings & 155 Reviews"
"Xiaomi 11i Hypercharge 5G (Stealth Black, 128 GB)","₹27,999","₹33,999",4.2,"5,815 Ratings & 661 Reviews"
"MOTOROLA G60 (Dynamic Gray, 128 GB)","₹15,999","₹21,999",4.2,"1,25,346 Ratings & 12,700 Reviews"
GREENBERRI F1,"₹1,499",,3.9,"1,308 Ratings & 97 Reviews"
"Tecno Spark 8C (Diamond Grey, 64 GB)","₹9,299",,4.3,86 Ratings & 9 Reviews
"Tecno Spark 8C (Diamond Grey, 64 GB)","₹8,190","₹8,848",4.2,395 Ratings & 30 Reviews
,,,,
,,,,
Good One Magic,"₹1,450","₹1,499",4,"3,740 Ratings & 302 Reviews"
"APPLE iPhone 12 Mini (Purple, 128 GB)","₹48,999","₹64,900",4.5,"1,16,139 Ratings & 9,285 Reviews"
Kechaoda K55,"₹1,300",,4,126 Ratings & 7 Reviews
"realme Narzo 50i (Mint Green, 32 GB)","₹7,599","₹7,999",4.5,"1,19,492 Ratings & 4,768 Reviews"
Kechaoda K115 PRO,"₹1,199",,4,52 Ratings & 3 Reviews
"REDMI Note 11 Pro (Stealth Black, 128 GB)","₹18,690","₹22,900",4.1,808 Ratings & 67 Reviews
"REDMI Note 10S (Shadow Black, 128 GB)","₹16,499","₹18,999",4.4,"79,230 Ratings & 5,381 Reviews"
"OPPO F21s Pro 5G (Starlight Black, 128 GB)","₹24,999",,4.1,74 Ratings & 4 Reviews
"OPPO Reno7 5G (Starry Black, 256 GB)","₹28,999","₹37,990",4.2,"15,689 Ratings & 2,042 Reviews"
"OPPO Reno7 5G (Startrails Blue, 256 GB)","₹28,999","₹37,990",4.2,"15,689 Ratings & 2,042 Reviews"
"REDMI Note 11S (Polar White, 128 GB)","₹15,753","₹17,913",4.2,"1,553 Ratings & 137 Reviews"
"REDMI Note 11S (Horizon Blue, 128 GB)","₹15,891","₹17,895",4.2,"1,553 Ratings & 137 Reviews"
Kechaoda A27,"₹1,069","₹1,190",4.1,"6,066 Ratings & 482 Reviews"
"REDMI Note 11S (Space Black, 64 GB)","₹16,999",,4.2,"1,553 Ratings & 137 Reviews"
GFive C3 CARD,"₹1,099",,3.7,87 Ratings & 5 Reviews
LAVA LF9000,"₹1,879",,,
"REDMI Note 10S (Frost White, 128 GB)","₹18,499","₹20,999",4.2,"6,842 Ratings & 636 Reviews"
Nuvo FLASH,₹899,,3.7,938 Ratings & 98 Reviews
Nuvo FLASH,₹899,,3.7,938 Ratings & 98 Reviews
Nokia 5310ds,"₹3,659",,4.1,"7,363 Ratings & 528 Reviews"
"REDMI Note 10 Pro (Dark Night, 128 GB)","₹17,999","₹19,999",4.3,"39,550 Ratings & 3,687 Reviews"
Kechaoda K115,"₹1,130","₹1,240",4.1,"27,739 Ratings & 2,167 Reviews"
Kechaoda K115,"₹1,139","₹1,150",4.1,"27,739 Ratings & 2,167 Reviews"
Micromax X378,₹940,,3.9,"12,465 Ratings & 1,057 Reviews"
,,,,
,,,,
Lava Pulse1- with contactless Talking Thermometer,"₹1,521","₹2,200",4.1,425 Ratings & 41 Reviews
"SAMSUNG Galaxy A52 (Awesome Black, 128 GB)","₹24,590","₹24,990",4.3,"2,066 Ratings & 257 Reviews"
Kechaoda K33,"₹1,149",,4,"7,960 Ratings & 539 Reviews"
Itel Power 410,"₹1,499",,4.1,"1,490 Ratings & 141 Reviews"
"SAMSUNG Galaxy A03 (Red, 32 GB)","₹8,999",,4.2,312 Ratings & 22 Reviews
"SAMSUNG Galaxy A23 (Blue, 128 GB)","₹19,499","₹23,990",4.2,570 Ratings & 41 Reviews
"OPPO A16 (Crystal Black, 64 GB)","₹12,990","₹15,990",4.3,"3,464 Ratings & 247 Reviews"
"REDMI Note 10S (Shadow Black, 128 GB)","₹18,499","₹20,999",4.2,"6,842 Ratings & 636 Reviews"
"realme 9 Pro+ 5G (Midnight Black, 128 GB)","₹27,349","₹29,999",4.4,"24,668 Ratings & 2,851 Reviews"
"realme 9 Pro+ 5G (Sunrise Blue, 256 GB)","₹29,349","₹31,999",4.4,"24,668 Ratings & 2,851 Reviews"
"realme 9 Pro+ 5G (Aurora Green, 256 GB)","₹29,349","₹31,999",4.4,"24,668 Ratings & 2,851 Reviews"
"realme 9 Pro+ 5G (Midnight Black, 256 GB)","₹29,349","₹31,999",4.4,"24,668 Ratings & 2,851 Reviews"
"realme 9 Pro+ 5G (Aurora Green, 128 GB)","₹27,349","₹29,999",4.4,"24,668 Ratings & 2,851 Reviews"
"POCO X4 Pro 5G (Yellow, 64 GB)","₹19,199","₹22,999",4.2,"48,374 Ratings & 4,894 Reviews"
Micromax X809,"₹1,413",,3.8,"4,614 Ratings & 409 Reviews"
"SAMSUNG Galaxy A22 5G (Violet, 128 GB)","₹16,499","₹18,999",4.1,"2,346 Ratings & 222 Reviews"
"Tecno Spark 8C (Magnet Black, 64 GB)","₹9,145","₹12,900",4.3,86 Ratings & 9 Reviews
"realme C11 (Rich Grey, 32 GB)","₹7,599","₹8,999",4.4,"4,58,043 Ratings & 29,535 Reviews"
"realme C11 (Rich Green, 32 GB)","₹7,599","₹8,999",4.4,"4,58,043 Ratings & 29,535 Reviews"
"REDMI 9 Prime (Matte Black, 64 GB)","₹11,275","₹11,850",4.4,"2,25,764 Ratings & 15,249 Reviews"
"Tecno SPARK 7 Pro (Alps Blue, 64 GB)","₹10,025",,4.2,"1,459 Ratings & 89 Reviews"
"SAMSUNG Galaxy A23 (Peach, 128 GB)","₹19,499","₹23,990",4.2,570 Ratings & 41 Reviews
"POCO M3 Pro 5G (Yellow, 128 GB)","₹16,699","₹17,999",4.2,"51,473 Ratings & 4,382 Reviews"
"POCO M4 Pro 5G (Yellow, 128 GB)","₹19,199","₹21,999",4.2,"5,077 Ratings & 451 Reviews"
,,,,
,,,,
"realme C25_Y (Metal Grey, 128 GB)","₹12,199","₹13,999",4.5,"45,079 Ratings & 2,163 Reviews"
Kechaoda A20,₹999,,3.8,61 Ratings & 4 Reviews
"Xiaomi 11i 5G (Purple Mist, 128 GB)","₹25,299","₹29,999",4.2,"35,810 Ratings & 4,444 Reviews"
"Infinix Note 10 Pro (Nordic Secret, 256 GB)","₹16,999","₹19,999",4.2,"12,348 Ratings & 1,656 Reviews"
"REDMI Note 10S (Shadow Black, 64 GB)","₹14,999","₹16,999",4.4,"79,230 Ratings & 5,381 Reviews"
"SAMSUNG Galaxy A53 (Awesome Black, 128 GB)","₹34,499","₹38,990",4,458 Ratings & 56 Reviews
"Xiaomi 11i Hypercharge 5G (Purple Mist, 128 GB)","₹27,999","₹33,999",4.2,"5,815 Ratings & 661 Reviews"
Kechaoda K116,"₹1,290",,3.9,"5,880 Ratings & 467 Reviews"
KARBONN K310i,₹920,,3.7,255 Ratings & 17 Reviews
"REDMI Note 11S (Polar White, 128 GB)","₹16,959","₹18,990",4.1,586 Ratings & 57 Reviews
"Xiaomi 11i 5G (Stealth Black, 128 GB)","₹25,299","₹29,999",4.2,"35,810 Ratings & 4,444 Reviews"
"POCO F3 GT 5G (Gunmetal Silver, 128 GB)","₹29,299","₹34,999",4.3,"14,682 Ratings & 1,919 Reviews"
"vivo Y75 (Dancing waves, 128 GB)","₹20,999","₹25,990",4.2,"1,129 Ratings & 102 Reviews"
DIZO Star 300,"₹1,449",,3.9,"9,171 Ratings & 1,099 Reviews"
LAVA GEM,"₹1,847","₹1,877",4.2,"28,917 Ratings & 3,115 Reviews"
"SAMSUNG Galaxy A13 (Black, 128 GB)","₹17,499","₹20,990",4.1,193 Ratings & 16 Reviews
"Xiaomi 11i 5G (Stealth Black, 128 GB)","₹27,299","₹31,999",4.2,"19,312 Ratings & 2,441 Reviews"
"APPLE iPhone 12 Mini (Red, 64 GB)","₹43,999","₹59,900",4.5,"1,16,139 Ratings & 9,285 Reviews"
"SAMSUNG Galaxy Z Flip3 5G (Cream, 128 GB)","₹84,999","₹95,999",4.5,602 Ratings & 53 Reviews
"MOTOROLA e32 (Arctic Blue, 64 GB)","₹10,499","₹11,999",3.9,24 Ratings & 6 Reviews
LAVA A5,"₹1,529","₹1,550",4.1,"12,065 Ratings & 1,150 Reviews"
Snexian BOLD 1K,"₹1,099",,3.4,17 Ratings & 1 Reviews
"realme C12 (Power Blue, 32 GB)","₹8,899","₹10,999",4.4,"3,22,239 Ratings & 19,467 Reviews"
Kechaoda K33,"₹1,149","₹1,199",4,"7,960 Ratings & 539 Reviews"
,,,,
,,,,
Snexian BOLD,"₹1,199",,3.9,740 Ratings & 26 Reviews
"Xiaomi 11i Hypercharge 5G (Pacific Pearl, 128 GB)","₹25,999","₹31,999",4.2,"9,080 Ratings & 974 Reviews"
"Xiaomi 11i 5G (Purple Mist, 128 GB)","₹27,299","₹31,999",4.2,"19,312 Ratings & 2,441 Reviews"
"SAMSUNG Galaxy A03 (Black, 32 GB)","₹8,990",,4.2,312 Ratings & 22 Reviews
"Tecno Spark 9 (Sky Mirror, 128 GB)","₹9,980",,4,304 Ratings & 19 Reviews
"realme 8 (Cyber Black, 128 GB)","₹17,199","₹17,999",4.4,"1,20,625 Ratings & 9,942 Reviews"
BlackZone RANGER,₹819,,3.6,830 Ratings & 64 Reviews
"SAMSUNG Galaxy A13 (Blue, 128 GB)","₹17,499","₹20,990",4.1,193 Ratings & 16 Reviews
"REDMI Note 10 Pro (Dark Night, 128 GB)","₹17,999","₹19,999",4.3,"39,550 Ratings & 3,687 Reviews"
Kechaoda K300,"₹1,290",,4.1,86 Ratings & 11 Reviews
"APPLE iPhone 14 Plus (Blue, 128 GB)","₹89,900",,4.6,117 Ratings & 14 Reviews
Kechaoda K10,"₹1,098","₹1,120",3.9,"13,576 Ratings & 903 Reviews"
Itel Power 110,"₹1,276",,4.1,657 Ratings & 45 Reviews
Kechaoda K55 Pro,"₹1,399",,4,421 Ratings & 26 Reviews
"Infinix Note 10 Pro (95° Black, 256 GB)","₹16,999","₹19,999",4.2,"12,348 Ratings & 1,656 Reviews"
LAVA A5,"₹1,429",,4.1,"12,065 Ratings & 1,150 Reviews"
"Xiaomi 11i 5G (Pacific Pearl, 128 GB)","₹27,299","₹31,999",4.2,"19,312 Ratings & 2,441 Reviews"
"REDMI 9 Prime (Mint Green, 128 GB)","₹12,990",,4.4,"2,25,764 Ratings & 15,249 Reviews"
"OPPO Reno7 Pro 5G (Starlight Black, 256 GB)","₹34,999","₹47,990",4.3,"6,866 Ratings & 935 Reviews"
"Redmi 9 (Sporty Orange, 64 GB)","₹9,490","₹10,760",4.2,"26,452 Ratings & 1,516 Reviews"
"realme C25s (Watery Blue, 128 GB)","₹11,999",,4.4,"50,231 Ratings & 2,915 Reviews"
"APPLE iPhone 12 Mini (Purple, 64 GB)","₹43,999","₹59,900",4.5,"1,16,139 Ratings & 9,285 Reviews"
"POCO M3 Pro 5G (Cool Blue, 64 GB)","₹14,699","₹15,999",4.3,"62,079 Ratings & 4,820 Reviews"
"APPLE iPhone 12 Mini (Black, 128 GB)","₹48,999","₹64,900",4.5,"1,16,139 Ratings & 9,285 Reviews"
,,,,
,,,,
Kechaoda A27,"₹1,075","₹1,145",4.1,"6,066 Ratings & 482 Reviews"
"APPLE iPhone 12 Mini (Black, 128 GB)","₹48,999","₹64,900",4.5,"1,16,139 Ratings & 9,285 Reviews"
"POCO M3 Pro 5G (Cool Blue, 64 GB)","₹14,699","₹15,999",4.3,"62,079 Ratings & 4,820 Reviews"
"Infinix Note 11s Free Fire Edition (Mithril Grey, 128 GB)","₹15,999","₹18,999",4.2,"6,725 Ratings & 914 Reviews"
"SAMSUNG Galaxy M32 (Black, 64 GB)","₹12,349","₹15,980",4.2,"3,741 Ratings & 377 Reviews"
"Infinix Note 11s Free Fire Edition (Haze Green, 128 GB)","₹15,999","₹18,999",4.2,"6,725 Ratings & 914 Reviews"
GFive C2 Card,"₹1,099",,3.3,42 Ratings & 3 Reviews
"SAMSUNG Galaxy A12 (White, 128 GB)","₹15,499","₹17,999",4.1,"1,253 Ratings & 94 Reviews"
"SAMSUNG Galaxy A33 (Awesome Black, 128 GB)","₹29,999","₹33,990",4.1,643 Ratings & 73 Reviews
"Itel Vision 3 (Multi Green, 64 GB)","₹7,999","₹8,298",4,308 Ratings & 39 Reviews
Nokia 105,"₹1,525",,4.1,"30,860 Ratings & 2,703 Reviews"
"APPLE iPhone 14 Plus (Starlight, 128 GB)","₹89,900",,4.6,117 Ratings & 14 Reviews
LAVA A7 Star,"₹1,529","₹1,849",4.1,137 Ratings & 14 Reviews
I Kall K999,₹849,,3.6,171 Ratings & 14 Reviews
Snexian GURU 310,₹785,,3.3,"17,341 Ratings & 1,415 Reviews"
Itel Power 100 New,"₹1,289",,4.2,692 Ratings & 46 Reviews
"APPLE iPhone 12 Mini (Red, 128 GB)","₹48,999","₹64,900",4.5,"1,16,139 Ratings & 9,285 Reviews"
Kechaoda K116,"₹1,399",,3.9,"5,880 Ratings & 467 Reviews"
"POCO M4 Pro (Cool Blue, 128 GB)","₹18,199","₹21,999",4.3,"10,287 Ratings & 895 Reviews"
Kechaoda K10,"₹1,110","₹1,190",3.9,"13,576 Ratings & 903 Reviews"
Kechaoda K115 PRO,"₹1,198",,4,52 Ratings & 3 Reviews
"realme Narzo 50A (Oxygen Blue, 128 GB)","₹12,699","₹13,999",4.4,"3,34,324 Ratings & 21,928 Reviews"
"realme GT Master Edition (Luna White, 128 GB)","₹28,299","₹29,999",4.3,"61,199 Ratings & 6,540 Reviews"
Snexian BOLD 1K,"₹1,099",,3.4,17 Ratings & 1 Reviews
,,,,
,,,,
"REDMI 9 Prime (Space Blue, 128 GB)","₹12,450","₹13,999",4.4,"2,25,764 Ratings & 15,249 Reviews"
"REDMI Note 10 Pro (Glacial Blue, 128 GB)","₹17,999","₹19,999",4.3,"39,550 Ratings & 3,687 Reviews"
"Redmi 9A (Sea Blue, 32 GB)","₹8,400","₹8,525",4.3,"14,204 Ratings & 895 Reviews"
"Redmi Note 11S (Space Black, 128 GB)","₹16,599",,4.2,594 Ratings & 43 Reviews
Nokia 105DS PLUS,"₹1,525",,4.1,151 Ratings & 10 Reviews
Kechaoda A27,"₹1,074","₹1,170",4.1,"6,066 Ratings & 482 Reviews"
"Itel A27 (Crystal Blue, 32 GB)","₹5,299","₹5,599",4,534 Ratings & 42 Reviews
"Tecno Spark Go 2022 (Atlantic Blue, 32 GB)","₹6,935","₹7,577",4.2,585 Ratings & 45 Reviews
"SAMSUNG GALAXY M13 5G (Aqua Green, 64 GB)","₹14,000",,3.8,92 Ratings & 2 Reviews
"OPPO A12 (Black, 32 GB)","₹9,990","₹10,990",4.4,"74,588 Ratings & 4,490 Reviews"
"OPPO A12 (Blue, 32 GB)","₹9,990","₹10,990",4.4,"74,588 Ratings & 4,490 Reviews"
"SAMSUNG Galaxy A53 (Awesome White, 128 GB)","₹35,999","₹39,990",4.1,"1,024 Ratings & 115 Reviews"
"REDMI K50i 5G (Stealth Black, 256 GB)","₹26,999",,4.4,79 Ratings & 6 Reviews
MarQ by Flipkart M80 Jalwa,"₹1,399","₹1,899",3.8,"1,442 Ratings & 142 Reviews"
"REDMI 9 Prime (Mint Green, 64 GB)","₹11,490",,4.4,"2,25,764 Ratings & 15,249 Reviews"
"Tecno Pop 5 Pro (Deepsea Luster, 32 GB)","₹7,685","₹8,099",4.2,312 Ratings & 23 Reviews
"APPLE iPhone 12 Mini (White, 128 GB)","₹48,999","₹64,900",4.5,"1,16,139 Ratings & 9,285 Reviews"
"REDMI Note 9 (Pebble Grey, 128 GB)","₹14,350","₹18,999",4.3,"6,508 Ratings & 436 Reviews"
BlackZone PORSCHE 911,"₹1,469",,3.8,373 Ratings & 19 Reviews
"APPLE iPhone 14 (Starlight, 128 GB)","₹79,900",,4.7,347 Ratings & 20 Reviews
"OPPO A77 (Sky Blue, 64 GB)","₹15,499","₹18,999",4.4,100 Ratings & 5 Reviews
"realme 8i (Space Black, 128 GB)","₹16,109","₹17,999",4.4,"69,453 Ratings & 4,872 Reviews"
"vivo Y21 (Midnight Blue, 64 GB)","₹13,499","₹17,990",4.3,"14,092 Ratings & 1,068 Reviews"
"vivo Y21 (Diamond Glow, 64 GB)","₹13,499","₹17,990",4.3,"14,092 Ratings & 1,068 Reviews"
,,,,
,,,,
"IQOO Neo 6 5G (Cyber Rage, 128 GB)","₹30,800",,4.3,357 Ratings & 46 Reviews
"SAMSUNG Galaxy A73 5G (Awesome Mint, 128 GB)","₹41,999","₹47,490",4.2,"1,085 Ratings & 142 Reviews"
"POCO F4 5G (Night Black, 128 GB)","₹27,999","₹32,999",4.3,"10,275 Ratings & 1,488 Reviews"
"realme 8 5G (Supersonic Blue, 128 GB)","₹16,699","₹16,999",4.3,"75,316 Ratings & 6,009 Reviews"
"APPLE iPhone SE (White, 64 GB)","₹30,490","₹39,900",4.5,"1,53,349 Ratings & 12,034 Reviews"
LAVA Flip,"₹1,899",,4.2,"1,062 Ratings & 80 Reviews"
"Xiaomi 11i Hypercharge 5G (Pacific Pearl, 128 GB)","₹27,999","₹33,999",4.2,"5,815 Ratings & 661 Reviews"
Kechaoda K55 Pro,"₹1,399",,4,421 Ratings & 26 Reviews
"realme C21 (Cross Blue, 32 GB)","₹9,599","₹9,999",4.4,"71,335 Ratings & 3,899 Reviews"
"Infinix Note 11s (Mithril Grey, 64 GB)","₹13,999","₹16,999",4.3,"11,358 Ratings & 1,523 Reviews"
Nokia 105 PLUS SS,"₹1,411",,3.9,157 Ratings & 15 Reviews
Kechaoda K22,₹999,,,
Kechaoda K22,₹999,,,
"realme C25s (Watery Grey, 128 GB)","₹11,999",,4.4,"50,231 Ratings & 2,915 Reviews"
Kechaoda K200,"₹1,290",,4,107 Ratings & 5 Reviews
"Infinix Hot 10S (7° Purple, 64 GB)","₹10,999","₹13,999",4.3,"49,991 Ratings & 4,673 Reviews"
"MOTOROLA e32 (Arctic Blue, 64 GB)","₹10,499","₹11,999",3.9,24 Ratings & 6 Reviews
"vivo Y21E (Midnight Blue, 64 GB)","₹13,499",,4.3,232 Ratings & 14 Reviews
Nokia 110 Dual Sim 2022,"₹1,949",,3.4,5 Ratings & 0 Reviews
PHILIPS E125,"₹1,399",,3.6,195 Ratings & 21 Reviews
"APPLE iPhone 11 (Yellow, 128 GB)","₹45,990","₹48,900",4.6,"1,61,007 Ratings & 9,624 Reviews"
"SAMSUNG Galaxy M12 (Black, 128 GB)","₹13,489",,4.2,"7,409 Ratings & 538 Reviews"
KARBONN K2 Boom Box,₹998,,3.9,"7,852 Ratings & 853 Reviews"
"SAMSUNG Galaxy M33 5G (Mystique Green, 128 GB)","₹19,999",,4.3,456 Ratings & 32 Reviews
,,,,
,,,,
Nokia 125 DS,"₹2,500",,3.8,764 Ratings & 52 Reviews
"SAMSUNG Galaxy A22 5G (Mint, 128 GB)","₹16,389","₹18,997",4.1,"2,346 Ratings & 222 Reviews"
"realme C25Y (Metal Grey, 64 GB)","₹10,999","₹12,999",4.4,"1,37,002 Ratings & 5,906 Reviews"
I Kall K78,"₹1,199","₹1,224",3.8,589 Ratings & 53 Reviews
Easyfone New Marvel+,"₹2,899",,,
"vivo Y22 (Metaverse Green, 64 GB)","₹14,499","₹17,990",4.2,98 Ratings & 3 Reviews
"OPPO F19 Pro (Crystal Silver, 128 GB)","₹18,489","₹20,290",4.3,"9,128 Ratings & 751 Reviews"
"vivo Y22 (Starlit Blue, 128 GB)","₹16,499","₹19,990",4.2,88 Ratings & 6 Reviews
"SAMSUNG Galaxy A04s (Black, 64 GB)","₹12,990",,,
"REDMI 10A (CHARCOAL BLACK, 128 GB)","₹10,990",,4.2,14 Ratings & 2 Reviews
"SAMSUNG Galaxy M32 (Black, 64 GB)","₹12,499","₹12,900",4.2,"3,741 Ratings & 377 Reviews"
"REDMI 10 Prime (Astral White, 64 GB)","₹11,799","₹12,599",4.2,"10,832 Ratings & 815 Reviews"
"OPPO A57 (Glowing Black, 64 GB)","₹13,999","₹16,990",4.4,"1,719 Ratings & 93 Reviews"
"realme 8 (Cyber Silver, 128 GB)","₹16,199","₹16,999",4.4,"1,20,071 Ratings & 10,574 Reviews"
"Redmi Note 11 PRO Plus 5G (PHANTOM WHITE, 256 GB)","₹23,866","₹25,980",4.2,"1,808 Ratings & 155 Reviews"
Kechaoda K33,"₹1,135","₹1,190",4,"7,960 Ratings & 539 Reviews"
"Tecno Spark 8 (Atlantic Blue, 64 GB)","₹8,840","₹10,200",4.1,652 Ratings & 49 Reviews
"Redmi 9 (Carbon Black, 64 GB)","₹10,699",,4.2,"26,452 Ratings & 1,516 Reviews"
"APPLE iPhone 14 Plus (Starlight, 256 GB)","₹99,900",,4.6,117 Ratings & 14 Reviews
LAVA A5,"₹1,410","₹1,590",4.1,"12,065 Ratings & 1,150 Reviews"
"OnePlus 10R 5G (Sierra Black, 256 GB)","₹38,999",,4.2,514 Ratings & 44 Reviews
"MOTOROLA G40 Fusion (Frosted Champagne, 64 GB)","₹14,499","₹16,999",4.2,"32,683 Ratings & 3,691 Reviews"
GREENBERRI SPARK,₹799,,3.4,206 Ratings & 18 Reviews
"POCO M3 (Power Black, 64 GB)","₹11,699","₹12,999",4.3,"4,78,435 Ratings & 34,693 Reviews"
,,,,
,,,,
"Maplin MAP3 (Cosmic Blue, 64 GB)","₹8,599","₹8,799",3.6,46 Ratings & 5 Reviews
Good One FLIP,"₹1,399",,4,350 Ratings & 44 Reviews
LAVA A5,"₹1,410","₹1,590",4.1,"12,065 Ratings & 1,150 Reviews"
DIZO Star 500,"₹1,757",,4,"11,055 Ratings & 1,333 Reviews"
"vivo V23e 5G (Sunshine Gold, 128 GB)","₹24,445",,4.2,"1,494 Ratings & 142 Reviews"
"vivo V23e 5G (Midnight Blue, 128 GB)","₹24,445",,4.2,"1,494 Ratings & 142 Reviews"
"REDMI Note 10S (Frost White, 128 GB)","₹16,499","₹18,999",4.4,"79,230 Ratings & 5,381 Reviews"
"OPPO A96 (Starry Black, 128 GB)","₹17,999","₹23,999",4.3,790 Ratings & 75 Reviews
"SAMSUNG Galaxy A03s (Blue, 64 GB)","₹11,499","₹14,499",4,886 Ratings & 69 Reviews
"APPLE iPhone 14 ((PRODUCT)RED, 128 GB)","₹79,900",,4.7,347 Ratings & 20 Reviews
Kechaoda K55 Pro,"₹1,399",,4,421 Ratings & 26 Reviews
"POCO C3 (Lime Green, 32 GB)","₹8,599","₹9,999",4.3,"3,96,919 Ratings & 26,550 Reviews"
"vivo Y21A (Midnight Blue, 64 GB)","₹13,289","₹13,489",4.3,"1,759 Ratings & 134 Reviews"
"OPPO Reno8 Pro 5G (Glazed Black, 256 GB)","₹45,999","₹52,999",4.4,"1,695 Ratings & 228 Reviews"
Salora Coral,₹899,,3.8,452 Ratings & 46 Reviews
"APPLE iPhone 14 Plus ((PRODUCT)RED, 256 GB)","₹99,900",,4.6,117 Ratings & 14 Reviews
"Redmi 9 (Carbon Black, 64 GB)","₹10,699",,4.2,"26,452 Ratings & 1,516 Reviews"
"Xiaomi 11i Hypercharge 5G (Camo Green, 128 GB)","₹27,999","₹33,999",4.2,"5,815 Ratings & 661 Reviews"
"SAMSUNG Galaxy A32 (Awesome Black, 128 GB)","₹18,990",,4.1,"2,502 Ratings & 202 Reviews"
"I Kall Z 20 (Blue, 32 GB)","₹7,499",,,
LAVA Gem,"₹1,939",,4.2,"7,468 Ratings & 676 Reviews"
"Itel A23 Pro (Sapphire Blue, 8 GB)","₹3,999",,3.6,"4,389 Ratings & 360 Reviews"
"APPLE iPhone 13 Pro Max (Alpine Green, 256 GB)","₹1,39,900",,4.6,"1,678 Ratings & 166 Reviews"
"vivo Y20G 2021 (Purist Blue, 64 GB)","₹14,900",,4.3,"6,111 Ratings & 428 Reviews"
,,,,
,,,,
